uniprot_id,gene,kME,GS_VL,GS_age
A6NNS2,DHRS7C,0.3311157456680681,0.2902299262614597,0.2864772458473551
O00423,EML1,0.3051707507995493,0.06704366968332874,0.1409087905176192
O15061,SYNM,0.7765935496151545,0.2929466157353756,0.6218899908608122
O15273,TCAP,0.6337958183099479,0.20250787690910152,0.3384206095869067
O43707,ACTN4,0.9014381114400702,0.34010361162248,0.4036370435601666
O43760,SYNGR2,0.3293374702892695,0.11720003530578714,0.3370490090818251
O60256,PRPSAP2,0.43068726902918125,0.02926778380912625,0.28846131261310914
O75339,CILP,0.3651215351273988,0.06661006474317106,0.04673958804205218
O75531,BANF1,0.7103274101448,0.2717370206487664,0.3174002760142056
O75935,DCTN3,0.36826104520434155,0.2388181060246786,0.4371440566469206
O95292,VAPB,0.5830282475886179,0.25181746511137176,0.6148059118374616
O95425,SVIL,0.5464945966368316,0.16493179570692942,0.5622315992053526
O95671,ASMTL,0.5730212286896368,0.12102129907600519,0.36288437425315967
P02585,TNNC2,0.8529183254090945,0.40390575267389306,0.25020916606168886
P03891,MT-ND2,0.5671472048013254,0.3829870910912985,0.4147520801564051
P05783,KRT18,0.34934808575736037,0.381027481156315,0.012386630836776678
P05976,MYL1,0.7011952769410039,0.3119220225120795,0.2654958877963511
P06753,TPM3,0.6936725385877471,0.050159713719419435,0.137266858029647
P07951,TPM2,0.9261320164347407,0.33552780295217677,0.3442976335844398
P08590,MYL3,0.5412910191422924,0.080755099064983,0.06005957932486952
P08670,VIM,0.7080579764646888,0.40786619442090866,0.5459889732008105
P09488,GSTM1,0.40980935144186736,0.18242488274929047,0.24302238285661376
P09493,TPM1,0.9436413274847358,0.3849297553291998,0.4217847534788584
P0CW19,LIMS3,0.78782029654717,0.3373063618341759,0.6219311307968977
P0DP23,CALM1,0.5303030655740076,0.4270750667365428,0.3516480731944988
P10828,THRB,0.8788444528165992,0.3491883014278306,0.4543208921122069
P11055,MYH3,0.7413159122105059,0.34578872709632114,0.30658738401383057
P12814,ACTN1,0.9001202271745663,0.299308254632419,0.3881519557890815
P12882,MYH1,0.7844053445956249,0.39429618245083786,0.2881960134964287
P12883,MYH7,0.6405410741892379,0.06992810429665265,0.025839901058545837
P13535,MYH8,0.74034568025187,0.32398022572240065,0.2416691458531482
P13805,TNNT1,0.6098316993106707,0.05902557119494753,0.07219240775962646
P17661,DES,0.8913742886508883,0.3760002717558306,0.596910262544373
P19075,TSPAN8,0.39761477738397594,0.041798164670886734,0.12128457447747344
P19237,TNNI1,0.5323423722459324,0.062425800574930974,0.03291239346179166
P20290,BTF3,0.36557741495540386,0.21354087558387694,0.24558957177956967
P20472,PVALB,0.6274726984600312,0.3456068376211726,0.5362426152649654
P20929,NEB,0.8431269249097396,0.34577402908820487,0.6672824315786567
P21695,GPD1,0.41584456097453365,0.3314267383208666,0.25463701886685247
P28289,TMOD1,0.7786881303583556,0.394898413856176,0.20184016284148923
P30566,ADSL,0.48226480958891105,0.14307449859873755,0.4003352883452603
P35573,AGL,0.4033238098984281,0.3554984022225371,0.3809366226830841
P35609,ACTN2,0.8884975846846579,0.2779986138600433,0.3731840755632374
P35659,DEK,0.5456032592672545,0.10466213719357689,0.15308302521042513
P35754,GLRX,0.3493739725354152,0.12631178334361337,0.19299191295519755
P45378,TNNT3,0.9335928191034091,0.3630087301703948,0.40033747129269454
P46019,PHKA2,0.472181122533628,0.5251712434136704,0.3300510512172971
P47755,CAPZA2,0.7784338017058379,0.28085360017497735,0.43329052646934585
P47756,CAPZB,0.7595317066958761,0.3157603843808519,0.34931173136507165
P48147,PREP,0.3837767058759506,0.16047019314744335,0.256864141666788
P48507,GCLM,0.3960921318387113,0.20189428924060468,0.4363384324596539
P48788,TNNI2,0.9294930818904276,0.4219986446291366,0.4424911729103563
P49207,RPL34,0.6105713689925822,0.2255961713370421,0.5985758571881875
P49755,TMED10,0.5214193408026728,0.06881183204932624,0.34410631262627234
P50851,LRBA,0.8923744504839979,0.2839900237022177,0.4174140075452901
P50895,BCAM,0.37503152163877207,0.018708195216227793,0.0021838092879295904
P51452,DUSP3,0.493067039197526,0.336377029488473,0.28497654594516214
P51571,SSR4,0.42754852389130704,0.2590208311305006,0.43965259447132193
P52179,MYOM1,0.9265736106287951,0.34203476452850673,0.47362329370754624
P52907,CAPZA1,0.7409244214615214,0.3168063507875992,0.4166197755149001
P54296,MYOM2,0.8806162802885164,0.31729411961026294,0.561307478278802
P55039,DRG2,0.4047660500602907,0.32888198504797056,0.2819218830397484
P60660,MYL6,0.5956855889786359,0.2204642610960235,0.07544153705056189
P60709,ACTB,0.8496419747677475,0.3180471589971639,0.17177455592508598
P63316,TNNC1,0.5466240546281744,0.053240961858374646,0.030125792011222587
P68036,UBE2L3,0.34860618256127157,0.022381088455790045,0.17938249636904222
P68133,ACTA1,0.8113505419034495,0.2372299434984973,0.1100364787263351
P98179,RBM3,0.400490277475614,0.2943394299117121,0.22784794383918217
Q00872,MYBPC1,0.7292312154533309,0.19961770580570556,0.03825296080430335
Q02641,CACNB1,0.3100084399482777,0.08983789901223142,0.02835792954050576
Q08043,ACTN3,0.8848570163648233,0.40712436260318235,0.4598535286447482
Q08209,PPP3CA,0.41864467594420485,0.13331063954688652,0.05677141763619862
Q0VAK6,LMOD3,0.7159127055354035,0.3843695093348099,0.44935493554715433
Q13643,FHL3,0.5342297040153959,0.16401647235646266,0.4960622793716471
Q13698,CACNA1S,0.47673287943067627,0.023515908390179356,0.4122572889733464
Q14324,MYBPC2,0.885690911490377,0.43372819003730223,0.3314237605095746
Q15149,PLEC,0.6224582111388789,0.30455140194758706,0.7999741294353657
Q15370,ELOB,0.6139751512457646,0.4142679047079631,0.4048950504992991
Q15392,DHCR24,0.58247022235833,0.3908273401841044,0.5084272422699642
Q16576,RBBP7,0.4451136891204416,0.07792982003915107,0.1437036261839313
Q5TDH0,DDI2,0.8949297806273341,0.3160451831558121,0.4739198941833202
Q5VST9,OBSCN,0.689537486958787,0.4097895617067326,0.7793957385671922
Q5VTT5,MYOM3,0.8536967309474571,0.24413214842070816,0.5828116870029024
Q68DQ2,CRYBG3,0.864721537033059,0.30752579651542206,0.42761064356899486
Q6IAN0,DHRS7B,0.6022650898012929,0.40980468194080816,0.7058749530203315
Q6P4A7,SFXN4,0.4992726810335426,0.3018158017768698,0.27453449899520116
Q6P5Q4,LMOD2,0.7454273208984017,0.3202380996640375,0.7140637734491417
Q6ZU65,UBN2,0.5088484386947381,0.019028068596277585,0.15899533019494025
Q709C8,VPS13C,0.37136889802845,0.251886706803152,0.3545051969580912
Q7L2H7,EIF3M,0.5538819668626265,0.31404588468712996,0.44182514400756745
Q8N3V7,SYNPO,0.7315959147170478,0.23687373992353236,0.19810571474160893
Q8TAT6,NPLOC4,0.6139466918176162,0.3110680441670938,0.5827346243888376
Q8TCD5,NT5C,0.5681046298579847,0.2538246391779369,0.26671572922947934
Q8TDC0,MYOZ3,0.7939051742893791,0.35822762225687155,0.6149237715486504
Q8TED0,UTP15,0.9172017014997913,0.27445475557022403,0.3430996163295763
Q8WZ42,TTN,0.8547659441728469,0.3642894172802288,0.6836670818871665
Q92879,CELF1,0.5298021528749832,0.049861075361486304,0.46204462045697564
Q93100,PHKB,0.4011550534277249,0.5040579207397636,0.45912128386537343
Q96HC4,PDLIM5,0.7290817517913473,0.2373747422597098,0.6127949846524349
Q96IV0,NGLY1,0.3180679836261413,0.32835053418517113,0.43612287360846713
Q99417,MYCBP,0.30262570084220186,0.10658569392406039,0.055458023452877266
Q9BXI3,NT5C1A,0.49630611003471103,0.20029507046383171,0.39414300862663965
Q9BXW6,OSBPL1A,0.3951103334974408,0.20813431863041615,0.3749152826583989
Q9BYD3,MRPL4,0.46612319460902635,0.23244958721644696,0.1773188620716931
Q9BYV2,TRIM54,0.5710116686770996,0.22405244994785745,0.4529389391608331
Q9H8S9,MOB1A,0.31998068825715453,0.02631753492772206,0.05552712444376909
Q9H987,SYNPO2L,0.8189430676383521,0.3587476937442653,0.6642438491957413
Q9HDC5,JPH1,0.5049952341324747,0.2817683333411698,0.29640496253154264
Q9NP98,MYOZ1,0.8879452596658052,0.3040143620133849,0.406383991238534
Q9NPC6,MYOZ2,0.6354427442290189,0.1049938510363283,0.2628941849142416
Q9NPF4,OSGEP,0.43409887006879594,0.3552452585971008,0.33784330080528474
Q9NR12,PDLIM7,0.7637115339152762,0.4407461254332767,0.20747122805384247
Q9NWV8,BABAM1,0.5776227100555378,0.2766287642062579,0.43127963778892836
Q9NZQ9,TMOD4,0.907234123689194,0.36568215032867585,0.3732422752951807
Q9UBF6,RNF7,0.5139641933240905,0.09677813260028804,0.07468272000935997
Q9UDY4,DNAJB4,0.3351025834288262,0.1117404788080077,0.05495155318042331
Q9UI30,TRMT112,0.3932761276743762,0.006363117218846112,0.14149190704158102
Q9UKX2,MYH2,0.7425468217818856,0.34252574450716594,0.3170363729936217
Q9UKX3,MYH13,0.6339907567953802,0.28361916030904266,0.45966248821162575
Q9UMS6,SYNPO2,0.7633953218966194,0.3176245599217636,0.6407045689509094
Q9Y2H6,FNDC3A,0.7890677351939558,0.33467533787247755,0.7232452609415986
Q9Y320,TMX2,0.6931512883217691,0.331807555563533,0.547101180527987
Q9Y623,MYH4,0.7511829796742486,0.33601288727164985,0.24700111072174932
