uniprot_id,module_color,module_num,gene
A0A0U1RRL7,green,5,MMP24OS
A0FGR8,blue,2,ESYT2
A1L0T0,blue,2,ILVBL
A1L4K1,yellow,4,FSD2
A2RTX5,turquoise,1,TARS3
A3KMH1,turquoise,1,VWA8
A5YM72,blue,2,CARNS1
A6NCE7,black,7,MAP1LC3B2
A6NDG6,grey,0,PGP
A6NNS2,grey,0,DHRS7C
A8MU46,brown,3,SMTNL1
A8MXV4,pink,8,NUDT19
E9PAV3,blue,2,NACA
L0R6Q1,yellow,4,SLC35A4
O00151,turquoise,1,PDLIM1
O00159,turquoise,1,MYO1C
O00168,blue,2,FXYD1
O00186,grey,0,STXBP3
O00217,green,5,NDUFS8
O00231,blue,2,PSMD11
O00232,brown,3,PSMD12
O00233,brown,3,PSMD9
O00264,grey,0,PGRMC1
O00299,black,7,CLIC1
O00303,magenta,9,EIF3F
O00330,pink,8,PDHX
O00399,blue,2,DCTN6
O00410,blue,2,IPO5
O00418,grey,0,EEF2K
O00423,grey,0,EML1
O00429,turquoise,1,DNM1L
O00442,turquoise,1,RTCA
O00483,pink,8,NDUFA4
O00487,blue,2,PSMD14
O00499,blue,2,BIN1
O00505,black,7,KPNA3
O00571,magenta,9,DDX3X
O00629,blue,2,KPNA4
O00748,turquoise,1,CES2
O00757,brown,3,FBP2
O00764,pink,8,PDXK
O14521,pink,8,SDHD
O14548,green,5,COX7A2L
O14556,grey,0,GAPDHS
O14558,blue,2,HSPB6
O14561,green,5,NDUFAB1
O14732,brown,3,IMPA2
O14737,grey,0,PDCD5
O14744,blue,2,PRMT5
O14818,brown,3,PSMA7
O14841,turquoise,1,OPLAH
O14880,green,5,MGST3
O14924,green,5,RGS12
O14929,blue,2,HAT1
O14949,green,5,UQCRQ
O14950,turquoise,1,MYL12B
O14957,green,5,UQCR11
O14958,grey,0,CASQ2
O14964,black,7,HGS
O14979,yellow,4,HNRNPDL
O14980,brown,3,XPO1
O14983,brown,3,ATP2A1
O15056,red,6,SYNJ2
O15061,yellow,4,SYNM
O15143,blue,2,ARPC1B
O15144,green,5,ARPC2
O15173,pink,8,PGRMC2
O15212,brown,3,PFDN6
O15239,green,5,NDUFA1
O15260,blue,2,SURF4
O15264,red,6,MAPK13
O15273,yellow,4,TCAP
O15305,grey,0,PMM2
O15371,magenta,9,EIF3D
O15372,black,7,EIF3H
O15382,turquoise,1,BCAT2
O15400,blue,2,STX7
O15427,grey,0,SLC16A3
O15498,grey,0,YKT6
O15511,red,6,ARPC5
O15533,green,5,TAPBP
O43143,grey,0,DHX15
O43169,brown,3,CYB5B
O43181,green,5,NDUFS4
O43237,blue,2,DYNC1LI2
O43242,brown,3,PSMD3
O43374,grey,0,RASA4
O43390,black,7,HNRNPR
O43396,blue,2,TXNL1
O43399,brown,3,TPD52L2
O43414,grey,0,ERI3
O43488,turquoise,1,AKR7A2
O43561,brown,3,LAT
O43583,brown,3,DENR
O43598,grey,0,DNPH1
O43615,turquoise,1,TIMM44
O43617,red,6,TRAPPC3
O43633,grey,0,CHMP2A
O43674,green,5,NDUFB5
O43676,green,5,NDUFB3
O43678,green,5,NDUFA2
O43684,turquoise,1,BUB3
O43707,yellow,4,ACTN4
O43708,brown,3,GSTZ1
O43741,magenta,9,PRKAB2
O43747,grey,0,AP1G1
O43760,yellow,4,SYNGR2
O43765,turquoise,1,SGTA
O43768,grey,0,ENSA
O43772,turquoise,1,SLC25A20
O43776,yellow,4,NARS1
O43813,grey,0,LANCL1
O43826,brown,3,SLC37A4
O43837,turquoise,1,IDH3B
O43852,blue,2,CALU
O43865,blue,2,AHCYL1
O43920,green,5,NDUFS5
O60220,green,5,TIMM8A
O60237,blue,2,PPP1R12B
O60256,brown,3,PRPSAP2
O60271,blue,2,SPAG9
O60313,turquoise,1,OPA1
O60343,green,5,TBC1D4
O60493,grey,0,SNX3
O60506,black,7,SYNCRIP
O60613,grey,0,SELENOF
O60662,blue,2,KLHL41
O60664,grey,0,PLIN3
O60684,blue,2,KPNA6
O60749,grey,0,SNX2
O60763,brown,3,USO1
O60784,grey,0,TOM1
O60825,pink,8,PFKFB2
O60869,magenta,9,EDF1
O60884,blue,2,DNAJA2
O60888,grey,0,CUTA
O60925,yellow,4,PFDN1
O60936,grey,0,NOL3
O75083,brown,3,WDR1
O75112,black,7,LDB3
O75122,green,5,CLASP2
O75128,grey,0,COBL
O75131,brown,3,CPNE3
O75153,pink,8,CLUH
O75155,blue,2,CAND2
O75208,turquoise,1,COQ9
O75223,grey,0,GGCT
O75251,green,5,NDUFS7
O75298,brown,3,RTN2
O75306,green,5,NDUFS2
O75323,turquoise,1,NIPSNAP2
O75339,yellow,4,CILP
O75347,red,6,TBCA
O75348,grey,0,ATP6V1G1
O75351,green,5,VPS4B
O75367,yellow,4,MACROH2A1
O75368,grey,0,SH3BGRL
O75369,blue,2,FLNB
O75380,green,5,NDUFS6
O75390,turquoise,1,CS
O75396,blue,2,SEC22B
O75431,green,5,MTX2
O75436,brown,3,VPS26A
O75438,green,5,NDUFB1
O75439,green,5,PMPCB
O75489,green,5,NDUFS3
O75521,turquoise,1,ECI2
O75531,yellow,4,BANF1
O75534,black,7,CSDE1
O75569,black,7,PRKRA
O75608,turquoise,1,LYPLA1
O75663,blue,2,TIPRL
O75688,grey,0,PPM1B
O75746,green,5,SLC25A12
O75764,grey,0,TCEA3
O75821,magenta,9,EIF3G
O75822,blue,2,EIF3J
O75832,grey,0,PSMD10
O75874,brown,3,IDH1
O75880,grey,0,SCO1
O75891,grey,0,ALDH1L1
O75915,blue,2,ARL6IP5
O75923,blue,2,DYSF
O75928,grey,0,PIAS2
O75935,brown,3,DCTN3
O75947,pink,8,ATP5PD
O75955,grey,0,FLOT1
O75964,pink,8,ATP5MG
O76003,blue,2,GLRX3
O76070,grey,0,SNCG
O94760,brown,3,DDAH1
O94811,grey,0,TPPP
O94812,pink,8,BAIAP3
O94826,pink,8,TOMM70
O94874,grey,0,UFL1
O94886,blue,2,TMEM63A
O94903,red,6,PLPBP
O94905,magenta,9,ERLIN2
O94919,blue,2,ENDOD1
O94979,blue,2,SEC31A
O95139,green,5,NDUFB6
O95140,pink,8,MFN2
O95167,green,5,NDUFA3
O95168,green,5,NDUFB4
O95169,green,5,NDUFB8
O95182,green,5,NDUFA7
O95197,grey,0,RTN3
O95202,turquoise,1,LETM1
O95210,blue,2,STBD1
O95218,red,6,ZRANB2
O95278,grey,0,EPM2A
O95292,yellow,4,VAPB
O95298,green,5,NDUFC2
O95299,green,5,NDUFA10
O95336,turquoise,1,PGLS
O95359,grey,0,TACC2
O95372,grey,0,LYPLA2
O95373,brown,3,IPO7
O95376,yellow,4,ARIH2
O95394,red,6,PGM3
O95425,yellow,4,SVIL
O95433,turquoise,1,AHSA1
O95479,brown,3,H6PD
O95563,pink,8,MPC2
O95571,pink,8,ETHE1
O95573,blue,2,ACSL3
O95671,grey,0,ASMTL
O95674,grey,0,CDS2
O95721,grey,0,SNAP29
O95747,red,6,OXSR1
O95777,yellow,4,LSM8
O95782,blue,2,AP2A1
O95810,grey,0,CAVIN2
O95816,brown,3,BAG2
O95817,blue,2,BAG3
O95822,turquoise,1,MLYCD
O95831,pink,8,AIFM1
O95834,grey,0,EML2
O95861,brown,3,BPNT1
O95865,red,6,DDAH2
O95870,turquoise,1,ABHD16A
O95881,red,6,TXNDC12
O95989,turquoise,1,NUDT3
O96000,green,5,NDUFB10
O96005,grey,0,CLPTM1
O96007,brown,3,MOCS2
O96008,green,5,TOMM40
O96011,turquoise,1,PEX11B
P00167,turquoise,1,CYB5A
P00325,red,6,ADH1B
P00338,brown,3,LDHA
P00352,grey,0,ALDH1A1
P00367,turquoise,1,GLUD1
P00387,blue,2,CYB5R3
P00390,blue,2,GSR
P00395,green,5,MT-CO1
P00403,green,5,MT-CO2
P00414,green,5,MT-CO3
P00441,brown,3,SOD1
P00450,red,6,CP
P00488,grey,0,F13A1
P00492,blue,2,HPRT1
P00505,turquoise,1,GOT2
P00558,brown,3,PGK1
P00568,brown,3,AK1
P00738,red,6,HP
P00751,red,6,CFB
P00846,grey,0,MT-ATP6
P00918,brown,3,CA2
P00966,turquoise,1,ASS1
P01009,red,6,SERPINA1
P01011,red,6,SERPINA3
P01019,red,6,AGT
P01023,red,6,A2M
P01024,red,6,C3
P01034,grey,0,CST3
P01040,grey,0,CSTA
P01591,red,6,JCHAIN
P01619,red,6,IGKV3-20
P01780,red,6,IGHV3-7
P01834,red,6,IGKC
P01857,red,6,IGHG1
P01859,red,6,IGHG2
P01860,red,6,IGHG3
P01871,red,6,IGHM
P01876,red,6,IGHA1
P01889,turquoise,1,HLA-B
P01911,grey,0,HLA-DRB1
P02144,turquoise,1,MB
P02452,yellow,4,COL1A1
P02461,yellow,4,COL3A1
P02462,yellow,4,COL4A1
P02511,blue,2,CRYAB
P02533,grey,0,KRT14
P02545,yellow,4,LMNA
P02585,yellow,4,TNNC2
P02649,red,6,APOE
P02655,red,6,APOC2
P02750,turquoise,1,LRG1
P02751,grey,0,FN1
P02753,red,6,RBP4
P02763,red,6,ORM1
P02766,red,6,TTR
P02768,red,6,ALB
P02775,yellow,4,PPBP
P02786,grey,0,TFRC
P02787,red,6,TF
P02792,grey,0,FTL
P02794,green,5,FTH1
P02795,red,6,MT2A
P03886,green,5,MT-ND1
P03891,yellow,4,MT-ND2
P03897,green,5,MT-ND3
P03905,grey,0,MT-ND4
P03915,grey,0,MT-ND5
P03928,pink,8,MT-ATP8
P04040,red,6,CAT
P04075,brown,3,ALDOA
P04080,turquoise,1,CSTB
P04083,grey,0,ANXA1
P04179,turquoise,1,SOD2
P04264,grey,0,KRT1
P04275,yellow,4,VWF
P04406,brown,3,GAPDH
P04439,turquoise,1,HLA-A
P04632,blue,2,CAPNS1
P04792,blue,2,HSPB1
P04843,magenta,9,RPN1
P04844,brown,3,RPN2
P04899,grey,0,GNAI2
P05023,blue,2,ATP1A1
P05026,pink,8,ATP1B1
P05090,red,6,APOD
P05091,turquoise,1,ALDH2
P05109,grey,0,S100A8
P05141,pink,8,SLC25A5
P05155,red,6,SERPING1
P05165,turquoise,1,PCCA
P05166,turquoise,1,PCCB
P05198,black,7,EIF2S1
P05386,black,7,RPLP1
P05387,black,7,RPLP2
P05388,black,7,RPLP0
P05413,turquoise,1,FABP3
P05452,red,6,CLEC3B
P05455,grey,0,SSB
P05556,turquoise,1,ITGB1
P05783,yellow,4,KRT18
P05787,grey,0,KRT8
P05976,yellow,4,MYL1
P06396,black,7,GSN
P06454,turquoise,1,PTMA
P06576,pink,8,ATP5F1B
P06702,grey,0,S100A9
P06703,blue,2,S100A6
P06730,yellow,4,EIF4E
P06732,grey,0,CKM
P06733,brown,3,ENO1
P06737,grey,0,PYGL
P06744,brown,3,GPI
P06748,black,7,NPM1
P06753,yellow,4,TPM3
P07099,blue,2,EPHX1
P07108,grey,0,DBI
P07195,turquoise,1,LDHB
P07203,turquoise,1,GPX1
P07237,blue,2,P4HB
P07305,yellow,4,H1-0
P07339,turquoise,1,CTSD
P07355,blue,2,ANXA2
P07384,brown,3,CAPN1
P07437,blue,2,TUBB
P07451,turquoise,1,CA3
P07585,yellow,4,DCN
P07602,turquoise,1,PSAP
P07737,blue,2,PFN1
P07738,red,6,BPGM
P07741,brown,3,APRT
P07814,blue,2,EPRS1
P07858,turquoise,1,CTSB
P07900,blue,2,HSP90AA1
P07919,green,5,UQCRH
P07951,yellow,4,TPM2
P07954,turquoise,1,FH
P08123,yellow,4,COL1A2
P08133,blue,2,ANXA6
P08237,brown,3,PFKM
P08238,blue,2,HSP90AB1
P08294,grey,0,SOD3
P08311,green,5,CTSG
P08559,pink,8,PDHA1
P08572,yellow,4,COL4A2
P08574,green,5,CYC1
P08590,yellow,4,MYL3
P08603,red,6,CFH
P08621,grey,0,SNRNP70
P08651,grey,0,NFIC
P08670,yellow,4,VIM
P08697,red,6,SERPINF2
P08708,magenta,9,RPS17
P08727,grey,0,KRT19
P08758,blue,2,ANXA5
P08865,magenta,9,RPSA
P09012,green,5,SNRPA
P09104,grey,0,ENO2
P09110,turquoise,1,ACAA1
P09211,brown,3,GSTP1
P09382,brown,3,LGALS1
P09417,yellow,4,QDPR
P09429,turquoise,1,HMGB1
P09455,grey,0,RBP1
P09467,brown,3,FBP1
P09488,green,5,GSTM1
P09493,yellow,4,TPM1
P09497,blue,2,CLTB
P09525,turquoise,1,ANXA4
P09601,yellow,4,HMOX1
P09622,pink,8,DLD
P09651,black,7,HNRNPA1
P09669,green,5,COX6C
P09874,magenta,9,PARP1
P09913,grey,0,IFIT2
P09936,blue,2,UCHL1
P09960,grey,0,LTA4H
P09972,brown,3,ALDOC
P0CW19,yellow,4,LIMS3
P0DMV8,blue,2,HSPA1A
P0DOY2,red,6,IGLC2
P0DOY3,red,6,IGLC3
P0DP23,yellow,4,CALM1
P10109,turquoise,1,FDX1
P10176,green,5,COX8A
P10253,turquoise,1,GAA
P10301,grey,0,RRAS
P10398,grey,0,ARAF
P10515,pink,8,DLAT
P10599,brown,3,TXN
P10606,green,5,COX5B
P10636,blue,2,MAPT
P10644,brown,3,PRKAR1A
P10768,brown,3,ESD
P10809,turquoise,1,HSPD1
P10828,yellow,4,THRB
P10909,red,6,CLU
P10916,green,5,MYL2
P11021,blue,2,HSPA5
P11047,yellow,4,LAMC1
P11055,yellow,4,MYH3
P11142,blue,2,HSPA8
P11171,red,6,EPB41
P11177,pink,8,PDHB
P11182,turquoise,1,DBT
P11216,grey,0,PYGB
P11217,grey,0,PYGM
P11233,green,5,RALA
P11277,red,6,SPTB
P11279,grey,0,LAMP1
P11310,turquoise,1,ACADM
P11441,blue,2,UBL4A
P11532,magenta,9,DMD
P11586,grey,0,MTHFD1
P11766,brown,3,ADH5
P11940,grey,0,PABPC1
P12081,grey,0,HARS1
P12109,yellow,4,COL6A1
P12110,yellow,4,COL6A2
P12111,yellow,4,COL6A3
P12235,grey,0,SLC25A4
P12236,brown,3,SLC25A6
P12268,brown,3,IMPDH2
P12277,turquoise,1,CKB
P12429,grey,0,ANXA3
P12694,green,5,BCKDHA
P12814,yellow,4,ACTN1
P12882,yellow,4,MYH1
P12883,yellow,4,MYH7
P12955,grey,0,PEPD
P12956,turquoise,1,XRCC6
P13010,brown,3,XRCC5
P13073,green,5,COX4I1
P13164,turquoise,1,IFITM1
P13473,turquoise,1,LAMP2
P13489,grey,0,RNH1
P13535,yellow,4,MYH8
P13611,brown,3,VCAN
P13639,blue,2,EEF2
P13645,green,5,KRT10
P13647,grey,0,KRT5
P13667,turquoise,1,PDIA4
P13693,brown,3,TPT1
P13716,red,6,ALAD
P13796,grey,0,LCP1
P13797,turquoise,1,PLS3
P13798,brown,3,APEH
P13804,turquoise,1,ETFA
P13805,yellow,4,TNNT1
P13807,blue,2,GYS1
P13861,brown,3,PRKAR2A
P13929,brown,3,ENO3
P13987,brown,3,CD59
P14174,red,6,MIF
P14209,magenta,9,CD99
P14314,brown,3,PRKCSH
P14324,grey,0,FDPS
P14406,green,5,COX7A2
P14543,yellow,4,NID1
P14550,grey,0,AKR1A1
P14618,brown,3,PKM
P14621,blue,2,ACYP2
P14625,blue,2,HSP90B1
P14649,yellow,4,MYL6B
P14672,grey,0,SLC2A4
P14735,grey,0,IDE
P14854,green,5,COX6B1
P14866,grey,0,HNRNPL
P14868,blue,2,DARS1
P14923,grey,0,JUP
P14927,green,5,UQCRB
P15088,grey,0,CPA3
P15090,turquoise,1,FABP4
P15104,turquoise,1,GLUL
P15121,brown,3,AKR1B1
P15170,blue,2,GSPT1
P15259,grey,0,PGAM2
P15311,blue,2,EZR
P15374,yellow,4,UCHL3
P15531,turquoise,1,NME1
P15880,grey,0,RPS2
P15927,green,5,RPA2
P15954,green,5,COX7C
P16083,grey,0,NQO2
P16118,grey,0,PFKFB1
P16152,blue,2,CBR1
P16157,red,6,ANK1
P16219,turquoise,1,ACADS
P16298,grey,0,PPP3CB
P16615,brown,3,ATP2A2
P16671,grey,0,CD36
P16930,red,6,FAH
P16989,yellow,4,YBX3
P17152,green,5,TMEM11
P17174,turquoise,1,GOT1
P17540,turquoise,1,CKMT2
P17568,green,5,NDUFB7
P17612,brown,3,PRKACA
P17655,blue,2,CAPN2
P17661,yellow,4,DES
P17858,brown,3,PFKL
P17931,blue,2,LGALS3
P17948,yellow,4,FLT1
P17980,blue,2,PSMC3
P17987,blue,2,TCP1
P18077,black,7,RPL35A
P18085,brown,3,ARF4
P18124,black,7,RPL7
P18206,blue,2,VCL
P18621,black,7,RPL17
P18669,brown,3,PGAM1
P18859,pink,8,ATP5PF
P19075,yellow,4,TSPAN8
P19237,yellow,4,TNNI1
P19338,black,7,NCL
P19367,grey,0,HK1
P19404,green,5,NDUFV2
P19623,turquoise,1,SRM
P19971,yellow,4,TYMP
P20020,black,7,ATP2B1
P20042,black,7,EIF2S2
P20073,brown,3,ANXA7
P20231,turquoise,1,TPSB2
P20290,brown,3,BTF3
P20340,grey,0,RAB6A
P20472,yellow,4,PVALB
P20618,brown,3,PSMB1
P20674,green,5,COX5A
P20807,black,7,CAPN3
P20810,blue,2,CAST
P20929,yellow,4,NEB
P20962,grey,0,PTMS
P21266,brown,3,GSTM3
P21281,grey,0,ATP6V1B2
P21291,blue,2,CSRP1
P21333,blue,2,FLNA
P21397,turquoise,1,MAOA
P21399,turquoise,1,ACO1
P21695,brown,3,GPD1
P21796,green,5,VDAC1
P21810,yellow,4,BGN
P21817,brown,3,RYR1
P21912,turquoise,1,SDHB
P21964,grey,0,COMT
P21980,green,5,TGM2
P22033,turquoise,1,MMUT
P22059,grey,0,OSBP
P22061,brown,3,PCMT1
P22102,blue,2,GART
P22234,blue,2,PAICS
P22307,grey,0,SCP2
P22314,brown,3,UBA1
P22352,grey,0,GPX3
P22392,pink,8,NME2
P22570,yellow,4,FDXR
P22626,yellow,4,HNRNPA2B1
P22695,green,5,UQCRC2
P22830,turquoise,1,FECH
P23109,brown,3,AMPD1
P23142,black,7,FBLN1
P23246,black,7,SFPQ
P23284,grey,0,PPIB
P23297,blue,2,S100A1
P23327,blue,2,HRC
P23368,pink,8,ME2
P23381,grey,0,WARS1
P23396,magenta,9,RPS3
P23434,turquoise,1,GCSH
P23526,blue,2,AHCY
P23528,brown,3,CFL1
P23588,grey,0,EIF4B
P23634,brown,3,ATP2B4
P23786,turquoise,1,CPT2
P24043,yellow,4,LAMA2
P24298,turquoise,1,GPT
P24310,green,5,COX7A1
P24311,green,5,COX7B
P24534,blue,2,EEF1B2
P24539,pink,8,ATP5PB
P24666,brown,3,ACP1
P24752,turquoise,1,ACAT1
P24844,grey,0,MYL9
P25311,red,6,AZGP1
P25325,turquoise,1,MPST
P25398,magenta,9,RPS12
P25686,grey,0,DNAJB2
P25705,pink,8,ATP5F1A
P25786,brown,3,PSMA1
P25787,brown,3,PSMA2
P25788,brown,3,PSMA3
P25789,brown,3,PSMA4
P26038,blue,2,MSN
P26196,grey,0,DDX6
P26368,grey,0,U2AF2
P26373,black,7,RPL13
P26440,turquoise,1,IVD
P26447,blue,2,S100A4
P26583,turquoise,1,HMGB2
P26639,blue,2,TARS1
P26640,blue,2,VARS1
P26641,blue,2,EEF1G
P26678,grey,0,PLN
P26885,green,5,FKBP2
P27105,red,6,STOM
P27338,turquoise,1,MAOB
P27348,turquoise,1,YWHAQ
P27361,yellow,4,MAPK3
P27635,black,7,RPL10
P27694,grey,0,RPA1
P27695,turquoise,1,APEX1
P27797,grey,0,CALR
P27816,blue,2,MAP4
P27824,blue,2,CANX
P28066,brown,3,PSMA5
P28070,grey,0,PSMB4
P28072,brown,3,PSMB6
P28074,brown,3,PSMB5
P28161,grey,0,GSTM2
P28289,yellow,4,TMOD1
P28331,green,5,NDUFS1
P28482,brown,3,MAPK1
P28749,black,7,RBL1
P28838,grey,0,LAP3
P28907,brown,3,CD38
P29144,brown,3,TPP2
P29218,brown,3,IMPA1
P29317,red,6,EPHA2
P29400,yellow,4,COL4A5
P29401,red,6,TKT
P29692,blue,2,EEF1D
P29966,blue,2,MARCKS
P29992,yellow,4,GNA11
P30038,turquoise,1,ALDH4A1
P30040,green,5,ERP29
P30041,red,6,PRDX6
P30043,red,6,BLVRB
P30044,grey,0,PRDX5
P30046,grey,0,DDT
P30048,grey,0,PRDX3
P30049,pink,8,ATP5F1D
P30050,black,7,RPL12
P30084,turquoise,1,ECHS1
P30085,grey,0,CMPK1
P30086,brown,3,PEBP1
P30101,blue,2,PDIA3
P30153,blue,2,PPP2R1A
P30405,turquoise,1,PPIF
P30419,magenta,9,NMT1
P30520,yellow,4,ADSS2
P30533,turquoise,1,LRPAP1
P30536,pink,8,TSPO
P30566,brown,3,ADSL
P30622,blue,2,CLIP1
P30626,turquoise,1,SRI
P30740,grey,0,SERPINB1
P30837,blue,2,ALDH1B1
P31040,turquoise,1,SDHA
P31150,grey,0,GDI1
P31153,grey,0,MAT2A
P31415,brown,3,CASQ1
P31689,grey,0,DNAJA1
P31751,grey,0,AKT2
P31930,green,5,UQCRC1
P31937,turquoise,1,HIBADH
P31939,blue,2,ATIC
P31942,grey,0,HNRNPH3
P31943,green,5,HNRNPH1
P31946,blue,2,YWHAB
P31948,grey,0,STIP1
P31949,blue,2,S100A11
P32119,red,6,PRDX2
P32456,blue,2,GBP2
P33121,turquoise,1,ACSL1
P33176,blue,2,KIF5B
P33992,red,6,MCM5
P34896,brown,3,SHMT1
P34897,turquoise,1,SHMT2
P34932,blue,2,HSPA4
P34949,yellow,4,MPI
P35052,grey,0,GPC1
P35080,blue,2,PFN2
P35221,pink,8,CTNNA1
P35237,grey,0,SERPINB6
P35241,brown,3,RDX
P35244,grey,0,RPA3
P35268,magenta,9,RPL22
P35270,grey,0,SPR
P35443,grey,0,THBS4
P35555,yellow,4,FBN1
P35573,brown,3,AGL
P35579,grey,0,MYH9
P35606,blue,2,COPB2
P35609,yellow,4,ACTN2
P35611,grey,0,ADD1
P35613,grey,0,BSG
P35637,black,7,FUS
P35659,yellow,4,DEK
P35749,grey,0,MYH11
P35754,yellow,4,GLRX
P35813,red,6,PPM1A
P35908,grey,0,KRT2
P35914,turquoise,1,HMGCL
P35998,blue,2,PSMC2
P36405,grey,0,ARL3
P36507,red,6,MAP2K2
P36542,pink,8,ATP5F1C
P36543,grey,0,ATP6V1E1
P36578,black,7,RPL4
P36776,turquoise,1,LONP1
P36871,brown,3,PGM1
P36873,grey,0,PPP1CC
P36955,red,6,SERPINF1
P36957,turquoise,1,DLST
P36959,brown,3,GMPR
P36969,grey,0,GPX4
P37108,magenta,9,SRP14
P37802,turquoise,1,TAGLN2
P37837,red,6,TALDO1
P37840,red,6,SNCA
P38117,turquoise,1,ETFB
P38606,red,6,ATP6V1A
P38646,turquoise,1,HSPA9
P39019,magenta,9,RPS19
P39023,black,7,RPL3
P39059,yellow,4,COL15A1
P39060,grey,0,COL18A1
P39656,yellow,4,DDOST
P39687,blue,2,ANP32A
P40121,blue,2,CAPG
P40123,green,5,CAP2
P40227,blue,2,CCT6A
P40429,black,7,RPL13A
P40616,grey,0,ARL1
P40763,grey,0,STAT3
P40925,turquoise,1,MDH1
P40926,turquoise,1,MDH2
P40939,turquoise,1,HADHA
P41091,blue,2,EIF2S3
P41227,blue,2,NAA10
P41236,red,6,PPP1R2
P41250,grey,0,GARS1
P41252,grey,0,IARS1
P41567,brown,3,EIF1
P42126,turquoise,1,ECI1
P42167,green,5,TMPO
P42330,blue,2,AKR1C3
P42677,blue,2,RPS27
P42704,pink,8,LRPPRC
P42765,turquoise,1,ACAA2
P42766,black,7,RPL35
P43007,grey,0,SLC1A4
P43034,brown,3,PAFAH1B1
P43155,turquoise,1,CRAT
P43304,brown,3,GPD2
P43490,grey,0,NAMPT
P43686,blue,2,PSMC4
P43897,turquoise,1,TSFM
P45378,yellow,4,TNNT3
P45381,turquoise,1,ASPA
P45877,yellow,4,PPIC
P45880,green,5,VDAC2
P45954,turquoise,1,ACADSB
P45974,blue,2,USP5
P45985,yellow,4,MAP2K4
P46019,grey,0,PHKA2
P46020,brown,3,PHKA1
P46109,black,7,CRKL
P46199,grey,0,MTIF2
P46379,grey,0,BAG6
P46459,grey,0,NSF
P46734,grey,0,MAP2K3
P46776,black,7,RPL27A
P46777,black,7,RPL5
P46779,black,7,RPL28
P46781,magenta,9,RPS9
P46782,magenta,9,RPS5
P46783,black,7,RPS10
P46926,brown,3,GNPDA1
P46939,grey,0,UTRN
P46940,grey,0,IQGAP1
P46976,blue,2,GYG1
P46977,brown,3,STT3A
P47755,yellow,4,CAPZA2
P47756,yellow,4,CAPZB
P47813,magenta,9,EIF1AX
P47897,pink,8,QARS1
P47914,black,7,RPL29
P47985,green,5,UQCRFS1
P48047,pink,8,ATP5PO
P48059,turquoise,1,LIMS1
P48147,brown,3,PREP
P48163,brown,3,ME1
P48426,grey,0,PIP4K2A
P48444,blue,2,ARCN1
P48449,turquoise,1,LSS
P48507,brown,3,GCLM
P48509,blue,2,CD151
P48556,blue,2,PSMD8
P48637,grey,0,GSS
P48643,blue,2,CCT5
P48681,blue,2,NES
P48735,turquoise,1,IDH2
P48788,yellow,4,TNNI2
P49023,grey,0,PXN
P49189,red,6,ALDH9A1
P49207,yellow,4,RPL34
P49257,brown,3,LMAN1
P49354,grey,0,FNTA
P49368,blue,2,CCT3
P49406,turquoise,1,MRPL19
P49411,turquoise,1,TUFM
P49419,turquoise,1,ALDH7A1
P49427,red,6,CDC34
P49585,grey,0,PCYT1A
P49588,grey,0,AARS1
P49589,brown,3,CARS1
P49591,blue,2,SARS1
P49720,brown,3,PSMB3
P49721,grey,0,PSMB2
P49748,turquoise,1,ACADVL
P49753,turquoise,1,ACOT2
P49755,yellow,4,TMED10
P49773,brown,3,HINT1
P49821,green,5,NDUFV1
P49840,turquoise,1,GSK3A
P49841,grey,0,GSK3B
P50213,turquoise,1,IDH3A
P50225,turquoise,1,SULT1A1
P50395,blue,2,GDI2
P50402,green,5,EMD
P50416,grey,0,CPT1A
P50454,blue,2,SERPINH1
P50461,blue,2,CSRP3
P50502,brown,3,ST13
P50570,pink,8,DNM2
P50579,grey,0,METAP2
P50583,yellow,4,NUDT2
P50851,yellow,4,LRBA
P50895,yellow,4,BCAM
P50914,black,7,RPL14
P50990,blue,2,CCT8
P50991,blue,2,CCT4
P50993,grey,0,ATP1A2
P50995,grey,0,ANXA11
P51114,magenta,9,FXR1
P51148,grey,0,RAB5C
P51149,grey,0,RAB7A
P51452,brown,3,DUSP3
P51553,turquoise,1,IDH3G
P51570,turquoise,1,GALK1
P51571,grey,0,SSR4
P51572,blue,2,BCAP31
P51608,grey,0,MECP2
P51636,grey,0,CAV2
P51648,grey,0,ALDH3A2
P51649,turquoise,1,ALDH5A1
P51659,grey,0,HSD17B4
P51665,blue,2,PSMD7
P51668,grey,0,UBE2D1
P51687,turquoise,1,SUOX
P51692,brown,3,STAT5B
P51812,grey,0,RPS6KA3
P51858,brown,3,HDGF
P51884,grey,0,LUM
P51888,yellow,4,PRELP
P51970,green,5,NDUFA8
P51991,grey,0,HNRNPA3
P52179,yellow,4,MYOM1
P52209,red,6,PGD
P52272,yellow,4,HNRNPM
P52294,blue,2,KPNA1
P52564,turquoise,1,MAP2K6
P52565,red,6,ARHGDIA
P52566,turquoise,1,ARHGDIB
P52758,grey,0,RIDA
P52815,turquoise,1,MRPL12
P52888,grey,0,THOP1
P52895,blue,2,AKR1C2
P52907,yellow,4,CAPZA1
P52943,grey,0,CRIP2
P53004,grey,0,BLVRA
P53041,turquoise,1,PPP5C
P53384,grey,0,NUBP1
P53597,turquoise,1,SUCLG1
P53621,grey,0,COPA
P53701,turquoise,1,HCCS
P53778,red,6,MAPK12
P53804,turquoise,1,TTC3
P53814,grey,0,SMTN
P53985,turquoise,1,SLC16A1
P53990,grey,0,IST1
P53992,turquoise,1,SEC24C
P53999,grey,0,SUB1
P54136,blue,2,RARS1
P54284,yellow,4,CACNB3
P54289,brown,3,CACNA2D1
P54296,yellow,4,MYOM2
P54577,brown,3,YARS1
P54578,brown,3,USP14
P54619,blue,2,PRKAG1
P54646,blue,2,PRKAA2
P54652,blue,2,HSPA2
P54725,red,6,RAD23A
P54727,grey,0,RAD23B
P54819,turquoise,1,AK2
P54920,grey,0,NAPA
P55010,blue,2,EIF5
P55036,blue,2,PSMD4
P55039,grey,0,DRG2
P55042,blue,2,RRAD
P55060,grey,0,CSE1L
P55072,blue,2,VCP
P55084,turquoise,1,HADHB
P55209,blue,2,NAP1L1
P55263,grey,0,ADK
P55268,yellow,4,LAMB2
P55290,grey,0,CDH13
P55327,blue,2,TPD52
P55735,grey,0,SEC13
P55769,grey,0,SNU13
P55786,brown,3,NPEPPS
P55795,yellow,4,HNRNPH2
P55809,green,5,OXCT1
P55822,brown,3,SH3BGR
P55884,magenta,9,EIF3B
P56134,pink,8,ATP5MF
P56181,green,5,NDUFV3
P56192,blue,2,MARS1
P56211,blue,2,ARPP19
P56381,pink,8,ATP5F1E
P56385,pink,8,ATP5ME
P56537,yellow,4,EIF6
P56556,green,5,NDUFA6
P57105,grey,0,SYNJ2BP
P57772,magenta,9,EEFSEC
P58546,red,6,MTPN
P59666,red,6,DEFA3
P59998,grey,0,ARPC4
P60033,grey,0,CD81
P60174,brown,3,TPI1
P60228,brown,3,EIF3E
P60468,grey,0,SEC61B
P60520,yellow,4,GABARAPL2
P60602,pink,8,ROMO1
P60660,yellow,4,MYL6
P60709,yellow,4,ACTB
P60842,brown,3,EIF4A1
P60866,magenta,9,RPS20
P60891,brown,3,PRPS1
P60900,brown,3,PSMA6
P60903,grey,0,S100A10
P60953,turquoise,1,CDC42
P60981,brown,3,DSTN
P61019,brown,3,RAB2A
P61020,brown,3,RAB5B
P61026,blue,2,RAB10
P61077,grey,0,UBE2D3
P61081,grey,0,UBE2M
P61086,turquoise,1,UBE2K
P61088,yellow,4,UBE2N
P61106,brown,3,RAB14
P61158,turquoise,1,ACTR3
P61160,turquoise,1,ACTR2
P61163,magenta,9,ACTR1A
P61201,brown,3,COPS2
P61221,blue,2,ABCE1
P61224,blue,2,RAP1B
P61247,magenta,9,RPS3A
P61254,black,7,RPL26
P61313,black,7,RPL15
P61353,yellow,4,RPL27
P61457,grey,0,PCBD1
P61513,black,7,RPL37A
P61586,brown,3,RHOA
P61604,turquoise,1,HSPE1
P61619,blue,2,SEC61A1
P61758,brown,3,VBP1
P61769,grey,0,B2M
P61803,grey,0,DAD1
P61916,turquoise,1,NPC2
P61925,grey,0,PKIA
P61956,brown,3,SUMO2
P61960,grey,0,UFM1
P61970,brown,3,NUTF2
P61978,grey,0,HNRNPK
P61981,grey,0,YWHAG
P62070,grey,0,RRAS2
P62072,turquoise,1,TIMM10
P62081,blue,2,RPS7
P62136,brown,3,PPP1CA
P62140,brown,3,PPP1CB
P62191,blue,2,PSMC1
P62195,blue,2,PSMC5
P62241,magenta,9,RPS8
P62244,black,7,RPS15A
P62249,magenta,9,RPS16
P62253,grey,0,UBE2G1
P62258,grey,0,YWHAE
P62263,magenta,9,RPS14
P62266,black,7,RPS23
P62269,magenta,9,RPS18
P62277,magenta,9,RPS13
P62280,blue,2,RPS11
P62316,grey,0,SNRPD2
P62318,black,7,SNRPD3
P62328,pink,8,TMSB4X
P62333,blue,2,PSMC6
P62424,black,7,RPL7A
P62495,blue,2,ETF1
P62633,grey,0,CNBP
P62701,magenta,9,RPS4X
P62750,black,7,RPL23A
P62753,magenta,9,RPS6
P62807,yellow,4,H2BC4
P62820,grey,0,RAB1A
P62826,blue,2,RAN
P62829,magenta,9,RPL23
P62834,grey,0,RAP1A
P62841,magenta,9,RPS15
P62847,black,7,RPS24
P62851,magenta,9,RPS25
P62854,grey,0,RPS26
P62857,magenta,9,RPS28
P62873,brown,3,GNB1
P62879,brown,3,GNB2
P62888,black,7,RPL30
P62899,black,7,RPL31
P62906,black,7,RPL10A
P62910,black,7,RPL32
P62913,black,7,RPL11
P62917,black,7,RPL8
P62937,red,6,PPIA
P62942,brown,3,FKBP1A
P62979,blue,2,RPS27A
P62993,grey,0,GRB2
P63000,grey,0,RAC1
P63010,pink,8,AP2B1
P63027,grey,0,VAMP2
P63098,brown,3,PPP3R1
P63104,turquoise,1,YWHAZ
P63146,grey,0,UBE2B
P63151,grey,0,PPP2R2A
P63167,turquoise,1,DYNLL1
P63172,blue,2,DYNLT1
P63173,yellow,4,RPL38
P63208,grey,0,SKP1
P63220,magenta,9,RPS21
P63241,brown,3,EIF5A
P63244,magenta,9,RACK1
P63279,turquoise,1,UBE2I
P63302,grey,0,SELENOW
P63316,yellow,4,TNNC1
P67775,grey,0,PPP2CA
P67809,black,7,YBX1
P67870,black,7,CSNK2B
P67936,turquoise,1,TPM4
P68036,brown,3,UBE2L3
P68104,blue,2,EEF1A1
P68133,yellow,4,ACTA1
P68363,blue,2,TUBA1B
P68366,blue,2,TUBA4A
P68371,blue,2,TUBB4B
P68400,black,7,CSNK2A1
P68402,grey,0,PAFAH1B2
P68871,red,6,HBB
P69905,red,6,HBA1
P78344,blue,2,EIF4G2
P78356,grey,0,PIP4K2B
P78371,blue,2,CCT2
P78417,turquoise,1,GSTO1
P78527,turquoise,1,PRKDC
P81605,green,5,DCD
P82663,pink,8,MRPS25
P82675,pink,8,MRPS5
P82909,turquoise,1,MRPS36
P82914,pink,8,MRPS15
P82921,grey,0,MRPS21
P82979,grey,0,SARNP
P83111,green,5,LACTB
P83731,black,7,RPL24
P84077,brown,3,ARF1
P84085,grey,0,ARF5
P84090,grey,0,ERH
P84095,turquoise,1,RHOG
P84098,black,7,RPL19
P84103,grey,0,SRSF3
P84157,grey,0,MXRA7
P84243,yellow,4,H3-3A
P98095,grey,0,FBLN2
P98160,yellow,4,HSPG2
P98179,yellow,4,RBM3
P99999,green,5,CYCS
Q00013,green,5,MPP1
Q00059,turquoise,1,TFAM
Q00169,yellow,4,PITPNA
Q00325,pink,8,SLC25A3
Q00341,black,7,HDLBP
Q00577,yellow,4,PURA
Q00610,blue,2,CLTC
Q00688,brown,3,FKBP3
Q00765,blue,2,REEP5
Q00796,yellow,4,SORD
Q00839,grey,0,HNRNPU
Q00872,yellow,4,MYBPC1
Q00G26,turquoise,1,PLIN5
Q01082,black,7,SPTBN1
Q01085,turquoise,1,TIAL1
Q01105,brown,3,SET
Q01432,grey,0,AMPD3
Q01469,turquoise,1,FABP5
Q01484,pink,8,ANK2
Q01518,turquoise,1,CAP1
Q01844,turquoise,1,EWSR1
Q01995,grey,0,TAGLN
Q02218,pink,8,OGDH
Q02221,green,5,COX6A2
Q02252,turquoise,1,ALDH6A1
Q02338,turquoise,1,BDH1
Q02388,red,6,COL7A1
Q02543,black,7,RPL18A
Q02641,brown,3,CACNB1
Q02750,brown,3,MAP2K1
Q02790,turquoise,1,FKBP4
Q02878,black,7,RPL6
Q02952,grey,0,AKAP12
Q02978,grey,0,SLC25A11
Q03135,green,5,CAV1
Q03154,pink,8,ACY1
Q03252,yellow,4,LMNB2
Q04323,grey,0,UBXN1
Q04446,blue,2,GBE1
Q04637,grey,0,EIF4G1
Q04759,yellow,4,PRKCQ
Q04760,brown,3,GLO1
Q04828,blue,2,AKR1C1
Q04837,grey,0,SSBP1
Q04917,grey,0,YWHAH
Q04941,grey,0,PLP2
Q05086,grey,0,UBE3A
Q05519,grey,0,SRSF11
Q05639,blue,2,EEF1A2
Q05682,grey,0,CALD1
Q05707,red,6,COL14A1
Q06124,grey,0,PTPN11
Q06323,blue,2,PSME1
Q06432,brown,3,CACNG1
Q06730,grey,0,ZNF33A
Q06830,brown,3,PRDX1
Q07020,black,7,RPL18
Q07021,pink,8,C1QBP
Q07065,blue,2,CKAP4
Q07507,yellow,4,DPT
Q07866,blue,2,KLC1
Q07955,black,7,SRSF1
Q07960,blue,2,ARHGAP1
Q08043,yellow,4,ACTN3
Q08209,yellow,4,PPP3CA
Q08211,black,7,DHX9
Q08257,grey,0,CRYZ
Q08357,yellow,4,SLC20A2
Q08623,grey,0,PUDP
Q08722,red,6,CD47
Q08752,turquoise,1,PPID
Q09666,black,7,AHNAK
Q0VAK6,yellow,4,LMOD3
Q0VDF9,grey,0,HSPA14
Q0VDG4,yellow,4,SCRN3
Q0ZGT2,black,7,NEXN
Q10567,blue,2,AP1B1
Q10589,green,5,BST2
Q10713,grey,0,PMPCA
Q12797,grey,0,ASPH
Q12805,grey,0,EFEMP1
Q12846,brown,3,STX4
Q12849,grey,0,GRSF1
Q12904,grey,0,AIMP1
Q12906,yellow,4,ILF3
Q12931,turquoise,1,TRAP1
Q12955,magenta,9,ANK3
Q12988,blue,2,HSPB3
Q13011,turquoise,1,ECH1
Q13033,grey,0,STRN3
Q13057,grey,0,COASY
Q13061,black,7,TRDN
Q13085,blue,2,ACACA
Q13098,blue,2,GPS1
Q13126,grey,0,MTAP
Q13131,grey,0,PRKAA1
Q13148,turquoise,1,TARDBP
Q13153,red,6,PAK1
Q13155,pink,8,AIMP2
Q13162,brown,3,PRDX4
Q13177,grey,0,PAK2
Q13185,grey,0,CBX3
Q13200,brown,3,PSMD2
Q13203,yellow,4,MYBPH
Q13228,red,6,SELENBP1
Q13263,red,6,TRIM28
Q13283,black,7,G3BP1
Q13310,green,5,PABPC4
Q13326,brown,3,SGCG
Q13347,magenta,9,EIF3I
Q13363,grey,0,CTBP1
Q13404,grey,0,UBE2V1
Q13409,blue,2,DYNC1I2
Q13418,grey,0,ILK
Q13423,turquoise,1,NNT
Q13424,grey,0,SNTA1
Q13425,yellow,4,SNTB2
Q13435,turquoise,1,SF3B2
Q13442,black,7,PDAP1
Q13445,blue,2,TMED1
Q13451,grey,0,FKBP5
Q13492,grey,0,PICALM
Q13496,grey,0,MTM1
Q13501,brown,3,SQSTM1
Q13505,pink,8,MTX1
Q13508,grey,0,ART3
Q13510,turquoise,1,ASAH1
Q13526,brown,3,PIN1
Q13554,magenta,9,CAMK2B
Q13555,grey,0,CAMK2G
Q13557,magenta,9,CAMK2D
Q13561,magenta,9,DCTN2
Q13564,turquoise,1,NAE1
Q13586,magenta,9,STIM1
Q13616,grey,0,CUL1
Q13617,grey,0,CUL2
Q13618,grey,0,CUL3
Q13619,grey,0,CUL4A
Q13642,brown,3,FHL1
Q13643,yellow,4,FHL3
Q13683,yellow,4,ITGA7
Q13685,grey,0,AAMP
Q13698,brown,3,CACNA1S
Q13724,green,5,MOGS
Q13813,blue,2,SPTAN1
Q13825,turquoise,1,AUH
Q13838,grey,0,DDX39B
Q13867,grey,0,BLMH
Q13884,grey,0,SNTB1
Q13885,blue,2,TUBB2A
Q13907,turquoise,1,IDI1
Q13976,yellow,4,PRKG1
Q14061,green,5,COX17
Q14103,grey,0,HNRNPD
Q14108,brown,3,SCARB2
Q14112,yellow,4,NID2
Q14116,blue,2,IL18
Q14118,brown,3,DAG1
Q14152,magenta,9,EIF3A
Q14157,black,7,UBAP2L
Q14165,brown,3,MLEC
Q14195,turquoise,1,DPYSL3
Q14203,magenta,9,DCTN1
Q14204,blue,2,DYNC1H1
Q14232,blue,2,EIF2B1
Q14240,brown,3,EIF4A2
Q14247,grey,0,CTTN
Q14249,pink,8,ENDOG
Q14254,grey,0,FLOT2
Q14258,grey,0,TRIM25
Q14315,blue,2,FLNC
Q14324,yellow,4,MYBPC2
Q14353,grey,0,GAMT
Q14444,black,7,CAPRIN1
Q14558,brown,3,PRPSAP1
Q14624,red,6,ITIH4
Q14677,blue,2,CLINT1
Q14697,blue,2,GANAB
Q14714,yellow,4,SSPN
Q14764,black,7,MVP
Q14767,red,6,LTBP3
Q14847,black,7,LASP1
Q14914,pink,8,PTGR1
Q14974,blue,2,KPNB1
Q14980,grey,0,NUMA1
Q14997,blue,2,PSME4
Q14BN4,blue,2,SLMAP
Q15006,yellow,4,EMC2
Q15008,brown,3,PSMD6
Q15018,grey,0,ABRAXAS2
Q15019,grey,0,SEPTIN2
Q15046,brown,3,KARS1
Q15056,grey,0,EIF4H
Q15075,blue,2,EEA1
Q15084,grey,0,PDIA6
Q15102,brown,3,PAFAH1B3
Q15111,grey,0,PLCL1
Q15118,green,5,PDK1
Q15119,turquoise,1,PDK2
Q15121,blue,2,PEA15
Q15124,green,5,PGM5
Q15149,yellow,4,PLEC
Q15172,yellow,4,PPP2R5A
Q15181,turquoise,1,PPA1
Q15185,brown,3,PTGES3
Q15208,grey,0,STK38
Q15223,yellow,4,NECTIN1
Q15233,black,7,NONO
Q15257,grey,0,PTPA
Q15276,blue,2,RABEP1
Q15286,yellow,4,RAB35
Q15363,brown,3,TMED2
Q15365,grey,0,PCBP1
Q15366,grey,0,PCBP2
Q15369,yellow,4,ELOC
Q15370,yellow,4,ELOB
Q15386,grey,0,UBE3C
Q15392,grey,0,DHCR24
Q15404,turquoise,1,RSU1
Q15435,grey,0,PPP1R7
Q15436,grey,0,SEC23A
Q15555,yellow,4,MAPRE2
Q15582,grey,0,TGFBI
Q15631,brown,3,TSN
Q15637,green,5,SF1
Q15642,brown,3,TRIP10
Q15691,blue,2,MAPRE1
Q15714,grey,0,TSC22D1
Q15717,grey,0,ELAVL1
Q15746,brown,3,MYLK
Q15772,yellow,4,SPEG
Q15813,grey,0,TBCE
Q15819,red,6,UBE2V2
Q15843,brown,3,NEDD8
Q15847,red,6,ADIRF
Q15848,turquoise,1,ADIPOQ
Q15907,grey,0,RAB11B
Q15942,grey,0,ZYX
Q16082,blue,2,HSPB2
Q16134,turquoise,1,ETFDH
Q16181,grey,0,SEPTIN7
Q16186,blue,2,ADRM1
Q16531,blue,2,DDB1
Q16543,turquoise,1,CDC37
Q16555,turquoise,1,DPYSL2
Q16563,grey,0,SYPL1
Q16576,grey,0,RBBP7
Q16585,brown,3,SGCB
Q16586,brown,3,SGCA
Q16595,turquoise,1,FXN
Q16658,pink,8,FSCN1
Q16698,turquoise,1,DECR1
Q16718,green,5,NDUFA5
Q16740,grey,0,CLPP
Q16762,turquoise,1,TST
Q16773,grey,0,KYAT1
Q16774,red,6,GUK1
Q16775,grey,0,HAGH
Q16795,green,5,NDUFA9
Q16816,grey,0,PHKG1
Q16821,grey,0,PPP1R3A
Q16836,turquoise,1,HADH
Q16851,blue,2,UGP2
Q16881,brown,3,TXNRD1
Q16891,green,5,IMMT
Q2TAA2,pink,8,IAH1
Q2TBA0,blue,2,KLHL40
Q3LXA3,grey,0,TKFC
Q3ZCQ8,turquoise,1,TIMM50
Q4G0N4,turquoise,1,NADK2
Q52LJ0,grey,0,FAM98B
Q53FT3,grey,0,HIKESHI
Q53GG5,blue,2,PDLIM3
Q53GQ0,turquoise,1,HSD17B12
Q53H12,pink,8,AGK
Q53H82,turquoise,1,LACTB2
Q58WW2,grey,0,DCAF6
Q5BKX8,blue,2,CAVIN4
Q5D862,green,5,FLG2
Q5HYI8,magenta,9,RABL3
Q5HYK3,turquoise,1,COQ5
Q5JPE7,brown,3,NOMO2
Q5JRX3,grey,0,PITRM1
Q5JSH3,grey,0,WDR44
Q5JTJ3,green,5,COA6
Q5JTV8,grey,0,TOR1AIP1
Q5JWF2,grey,0,GNAS
Q5R3I4,grey,0,TTC38
Q5SQH8,pink,8,C6orf136
Q5SSJ5,black,7,HP1BP3
Q5T440,turquoise,1,IBA57
Q5T4S7,blue,2,UBR4
Q5TAQ9,brown,3,DCAF8
Q5TDH0,yellow,4,DDI2
Q5TGZ0,brown,3,MICOS10
Q5U5X0,turquoise,1,LYRM7
Q5VST9,yellow,4,OBSCN
Q5VTT5,yellow,4,MYOM3
Q5VU43,brown,3,PDE4DIP
Q5VW32,brown,3,BROX
Q5VWZ2,turquoise,1,LYPLAL1
Q5VXT5,brown,3,SYPL2
Q5VYK3,blue,2,ECPAS
Q5XKP0,grey,0,MICOS13
Q5XPI4,grey,0,RNF123
Q66K66,red,6,TMEM198
Q68DQ2,yellow,4,CRYBG3
Q6DKJ4,turquoise,1,NXN
Q6GMV3,grey,0,PTRHD1
Q6H8Q1,yellow,4,ABLIM2
Q6IAA8,turquoise,1,LAMTOR1
Q6IAN0,yellow,4,DHRS7B
Q6IBS0,black,7,TWF2
Q6IPR1,yellow,4,ETFRF1
Q6IQ22,brown,3,RAB12
Q6IQ26,grey,0,DENND5A
Q6JBY9,brown,3,RCSD1
Q6NUK1,grey,0,SLC25A24
Q6NVY1,turquoise,1,HIBCH
Q6NZI2,brown,3,CAVIN1
Q6P161,pink,8,MRPL54
Q6P1A2,brown,3,LPCAT3
Q6P1N9,grey,0,TATDN1
Q6P4A7,yellow,4,SFXN4
Q6P587,turquoise,1,FAHD1
Q6P5Q4,yellow,4,LMOD2
Q6PCB7,green,5,SLC27A1
Q6PK04,yellow,4,CCDC137
Q6QEF8,yellow,4,CORO6
Q6UW68,yellow,4,TMEM205
Q6UWP2,turquoise,1,DHRS11
Q6UXV4,turquoise,1,APOOL
Q6XQN6,grey,0,NAPRT
Q6YN16,turquoise,1,HSDL2
Q6YP21,grey,0,KYAT3
Q6ZMU5,blue,2,TRIM72
Q6ZU65,yellow,4,UBN2
Q6ZVM7,red,6,TOM1L2
Q702N8,magenta,9,XIRP1
Q709C8,grey,0,VPS13C
Q712K3,grey,0,UBE2R2
Q7KZF4,magenta,9,SND1
Q7L0Y3,turquoise,1,TRMT10C
Q7L1Q6,grey,0,BZW1
Q7L2H7,yellow,4,EIF3M
Q7L5N1,grey,0,COPS6
Q7LBR1,yellow,4,CHMP1B
Q7LG56,grey,0,RRM2B
Q7Z2K6,turquoise,1,ERMP1
Q7Z2W9,pink,8,MRPL21
Q7Z3D6,turquoise,1,DGLUCY
Q7Z406,magenta,9,MYH14
Q7Z422,grey,0,SZRD1
Q7Z434,turquoise,1,MAVS
Q7Z4G1,blue,2,COMMD6
Q7Z4H3,grey,0,HDDC2
Q7Z4V5,grey,0,HDGFL2
Q7Z4W1,turquoise,1,DCXR
Q7Z698,red,6,SPRED2
Q7Z6Z7,red,6,HUWE1
Q86SX6,turquoise,1,GLRX5
Q86TC9,black,7,MYPN
Q86TD4,black,7,SRL
Q86TP1,grey,0,PRUNE1
Q86TX2,yellow,4,ACOT1
Q86U28,turquoise,1,ISCA2
Q86UE4,blue,2,MTDH
Q86UP2,blue,2,KTN1
Q86UT6,green,5,NLRX1
Q86V81,grey,0,ALYREF
Q86V88,green,5,MDP1
Q86VD7,green,5,SLC25A42
Q86VF7,blue,2,NRAP
Q86VN1,grey,0,VPS36
Q86VP6,blue,2,CAND1
Q86VX2,blue,2,COMMD7
Q86WU2,grey,0,LDHD
Q86X55,grey,0,CARM1
Q86X76,grey,0,NIT1
Q86Y39,grey,0,NDUFA11
Q86YB7,turquoise,1,ECHDC2
Q8IUZ5,blue,2,PHYKPL
Q8IVN3,blue,2,MUSTN1
Q8IW45,turquoise,1,NAXD
Q8IWA4,green,5,MFN1
Q8IWA5,brown,3,SLC44A2
Q8IWL3,turquoise,1,HSCB
Q8IWW8,turquoise,1,ADHFE1
Q8IWX7,blue,2,UNC45B
Q8IXL7,turquoise,1,MSRB3
Q8IXV7,red,6,KLHDC8B
Q8IYB8,green,5,SUPV3L1
Q8IYQ7,green,5,THNSL1
Q8IYS1,grey,0,PM20D2
Q8IYU8,green,5,MICU2
Q8IZ81,grey,0,ELMOD2
Q8IZ83,grey,0,ALDH16A1
Q8N0U4,turquoise,1,FAM185A
Q8N142,brown,3,ADSS1
Q8N183,turquoise,1,NDUFAF2
Q8N1G4,grey,0,LRRC47
Q8N335,turquoise,1,GPD1L
Q8N3D4,blue,2,EHBP1L1
Q8N3K9,pink,8,CMYA5
Q8N3L3,blue,2,TXLNB
Q8N3V7,yellow,4,SYNPO
Q8N4H5,green,5,TOMM5
Q8N4Q1,turquoise,1,CHCHD4
Q8N4T8,turquoise,1,CBR4
Q8N4V1,black,7,MMGT1
Q8N5G0,green,5,SMIM20
Q8N5K1,red,6,CISD2
Q8N5M1,turquoise,1,ATPAF2
Q8N5M9,brown,3,JAGN1
Q8N5N7,pink,8,MRPL50
Q8N766,brown,3,EMC1
Q8N8N7,grey,0,PTGR2
Q8NB12,yellow,4,SMYD1
Q8NBF2,blue,2,NHLRC2
Q8NBN7,turquoise,1,RDH13
Q8NBS9,blue,2,TXNDC5
Q8NBU5,green,5,ATAD1
Q8NBX0,turquoise,1,SCCPDH
Q8NC51,magenta,9,SERBP1
Q8NCA5,blue,2,FAM98A
Q8NCN5,turquoise,1,PDPR
Q8NCW5,turquoise,1,NAXE
Q8NDH3,brown,3,NPEPL1
Q8NDY3,grey,0,ADPRHL1
Q8NE62,turquoise,1,CHDH
Q8NE71,magenta,9,ABCF1
Q8NE86,green,5,MCU
Q8NFV4,turquoise,1,ABHD11
Q8NHH9,yellow,4,ATL2
Q8NI37,turquoise,1,PPTC7
Q8NI60,turquoise,1,COQ8A
Q8TAT6,yellow,4,NPLOC4
Q8TB22,yellow,4,SPATA20
Q8TB37,grey,0,NUBPL
Q8TB45,brown,3,DEPTOR
Q8TC12,blue,2,RDH11
Q8TCA0,grey,0,LRRC20
Q8TCD5,yellow,4,NT5C
Q8TCS8,green,5,PNPT1
Q8TCT8,grey,0,SPPL2A
Q8TCU6,grey,0,PREX1
Q8TD19,blue,2,NEK9
Q8TD30,turquoise,1,GPT2
Q8TDC0,yellow,4,MYOZ3
Q8TDX7,grey,0,NEK7
Q8TEA8,grey,0,DTD1
Q8TED0,yellow,4,UTP15
Q8WTS6,blue,2,SETD7
Q8WUM0,red,6,NUP133
Q8WUM4,grey,0,PDCD6IP
Q8WUY1,grey,0,THEM6
Q8WVI0,grey,0,SMIM4
Q8WVJ2,brown,3,NUDCD2
Q8WVM8,turquoise,1,SCFD1
Q8WW12,grey,0,PCNP
Q8WW22,blue,2,DNAJA4
Q8WW59,pink,8,SPRYD4
Q8WWV3,turquoise,1,RTN4IP1
Q8WX93,magenta,9,PALLD
Q8WXH0,grey,0,SYNE2
Q8WY91,turquoise,1,THAP4
Q8WYA0,grey,0,IFT81
Q8WZ42,yellow,4,TTN
Q92499,blue,2,DDX1
Q92506,turquoise,1,HSD17B8
Q92523,turquoise,1,CPT1B
Q92530,grey,0,PSMF1
Q92575,grey,0,UBXN4
Q92598,yellow,4,HSPH1
Q92614,black,7,MYO18A
Q92616,blue,2,GCN1
Q92629,brown,3,SGCD
Q92667,green,5,AKAP1
Q92696,turquoise,1,RABGGTA
Q92734,brown,3,TFG
Q92747,grey,0,ARPC1A
Q92791,grey,0,P3H4
Q92841,grey,0,DDX17
Q92879,yellow,4,CELF1
Q92890,grey,0,UFD1
Q92901,black,7,RPL3L
Q92905,grey,0,COPS5
Q92945,grey,0,KHSRP
Q92947,turquoise,1,GCDH
Q92973,blue,2,TNPO1
Q92995,yellow,4,USP13
Q93008,blue,2,USP9X
Q93034,brown,3,CUL5
Q93052,turquoise,1,LPP
Q93084,brown,3,ATP2A3
Q93100,brown,3,PHKB
Q969M7,grey,0,UBE2F
Q969Q0,black,7,RPL36AL
Q969T9,grey,0,WBP2
Q969X5,grey,0,ERGIC1
Q969Z3,grey,0,MTARC2
Q96A26,pink,8,FAM162A
Q96A33,yellow,4,CCDC47
Q96A57,grey,0,TMEM230
Q96AB3,turquoise,1,ISOC2
Q96AC1,grey,0,FERMT2
Q96AE4,grey,0,FUBP1
Q96AG3,turquoise,1,SLC25A46
Q96AN5,green,5,TMEM143
Q96AQ6,magenta,9,PBXIP1
Q96BW5,grey,0,PTER
Q96C00,yellow,4,ZBTB9
Q96C01,grey,0,FAM136A
Q96C11,turquoise,1,FGGY
Q96C23,grey,0,GALM
Q96C86,grey,0,DCPS
Q96C90,turquoise,1,PPP1R14B
Q96CM8,turquoise,1,ACSF2
Q96CN7,green,5,ISOC1
Q96CT7,magenta,9,CCDC124
Q96CV9,turquoise,1,OPTN
Q96CW1,blue,2,AP2M1
Q96CX2,grey,0,KCTD12
Q96DB5,green,5,RMDN1
Q96DC8,turquoise,1,ECHDC3
Q96DE0,green,5,NUDT16
Q96DG6,brown,3,CMBL
Q96DH6,grey,0,MSI2
Q96DV4,green,5,MRPL38
Q96E11,green,5,MRRF
Q96EL3,grey,0,MRPL53
Q96EP5,grey,0,DAZAP1
Q96EY1,green,5,DNAJA3
Q96EY7,pink,8,PTCD3
Q96EY8,grey,0,MMAB
Q96FJ2,grey,0,DYNLL2
Q96FQ6,blue,2,S100A16
Q96FV2,brown,3,SCRN2
Q96FW1,turquoise,1,OTUB1
Q96FZ7,grey,0,CHMP6
Q96GD0,grey,0,PDXP
Q96GG9,grey,0,DCUN1D1
Q96GK7,turquoise,1,FAHD2A
Q96H20,pink,8,SNF8
Q96HC4,yellow,4,PDLIM5
Q96HD1,grey,0,CRELD1
Q96HE7,blue,2,ERO1A
Q96HN2,blue,2,AHCYL2
Q96HS1,grey,0,PGAM5
Q96HY6,magenta,9,DDRGK1
Q96I23,grey,0,PYURF
Q96I99,turquoise,1,SUCLG2
Q96IU4,grey,0,ABHD14B
Q96IV0,grey,0,NGLY1
Q96JJ7,blue,2,TMX3
Q96K17,blue,2,BTF3L4
Q96K76,grey,0,USP47
Q96KP4,blue,2,CNDP2
Q96L96,blue,2,ALPK3
Q96MF2,brown,3,STAC3
Q96MF6,turquoise,1,COQ10A
Q96MG2,blue,2,JSRP1
Q96PE7,turquoise,1,MCEE
Q96PU8,green,5,QKI
Q96Q06,turquoise,1,PLIN4
Q96Q83,yellow,4,ALKBH3
Q96QK1,grey,0,VPS35
Q96QR8,black,7,PURB
Q96RK4,brown,3,BBS4
Q96RL7,grey,0,VPS13A
Q96RP9,grey,0,GFM1
Q96RQ3,turquoise,1,MCCC1
Q96S19,grey,0,METTL26
Q96S66,brown,3,CLCC1
Q96S96,grey,0,PEBP4
Q96S99,green,5,PLEKHF1
Q99417,yellow,4,MYCBP
Q99426,blue,2,TBCB
Q99436,brown,3,PSMB7
Q99447,turquoise,1,PCYT2
Q99460,brown,3,PSMD1
Q99471,yellow,4,PFDN5
Q99487,red,6,PAFAH2
Q99497,brown,3,PARK7
Q99536,blue,2,VAT1
Q99541,turquoise,1,PLIN2
Q99584,blue,2,S100A13
Q99598,brown,3,TSNAX
Q99613,blue,2,EIF3C
Q99623,green,5,PHB2
Q99627,brown,3,COPS8
Q99643,grey,0,SDHC
Q99653,yellow,4,CHP1
Q99714,pink,8,HSD17B10
Q99733,yellow,4,NAP1L4
Q99735,grey,0,MGST2
Q99757,grey,0,TXN2
Q99766,turquoise,1,DMAC2L
Q99798,turquoise,1,ACO2
Q99807,turquoise,1,COQ7
Q99808,grey,0,SLC29A1
Q99816,brown,3,TSG101
Q99829,brown,3,CPNE1
Q99832,blue,2,CCT7
Q99873,brown,3,PRMT1
Q9BPW8,green,5,NIPSNAP1
Q9BPX5,green,5,ARPC5L
Q9BPX6,turquoise,1,MICU1
Q9BQ69,yellow,4,MACROD1
Q9BQA1,grey,0,WDR77
Q9BQE5,blue,2,APOL2
Q9BQS8,magenta,9,FYCO1
Q9BR39,yellow,4,JPH2
Q9BR76,black,7,CORO1B
Q9BRA2,grey,0,TXNDC17
Q9BRC7,grey,0,PLCD4
Q9BRF8,brown,3,CPPED1
Q9BRG1,grey,0,VPS25
Q9BRT3,brown,3,MIEN1
Q9BRX2,black,7,PELO
Q9BRX8,green,5,PRXL2A
Q9BS26,grey,0,ERP44
Q9BS40,red,6,LXN
Q9BS92,turquoise,1,NIPSNAP3B
Q9BSD7,grey,0,NTPCR
Q9BSE5,yellow,4,AGMAT
Q9BSH4,turquoise,1,TACO1
Q9BSJ8,grey,0,ESYT1
Q9BSL1,turquoise,1,UBAC1
Q9BT78,brown,3,COPS4
Q9BTE1,blue,2,DCTN5
Q9BTE6,yellow,4,AARSD1
Q9BTV4,blue,2,TMEM43
Q9BTZ2,turquoise,1,DHRS4
Q9BUB7,grey,0,TMEM70
Q9BUF5,blue,2,TUBB6
Q9BUK0,turquoise,1,CHCHD7
Q9BUR5,pink,8,APOO
Q9BV20,grey,0,MRI1
Q9BV23,blue,2,ABHD6
Q9BV57,grey,0,ADI1
Q9BV79,turquoise,1,MECR
Q9BV86,green,5,NTMT1
Q9BVC6,grey,0,TMEM109
Q9BVK6,grey,0,TMED9
Q9BVV7,green,5,TIMM21
Q9BW30,grey,0,TPPP3
Q9BW91,turquoise,1,NUDT9
Q9BWH2,pink,8,FUNDC2
Q9BX66,green,5,SORBS1
Q9BX68,pink,8,HINT2
Q9BXB4,blue,2,OSBPL11
Q9BXI3,yellow,4,NT5C1A
Q9BXJ8,green,5,TMEM120A
Q9BXJ9,grey,0,NAA15
Q9BXK5,turquoise,1,BCL2L13
Q9BXS5,blue,2,AP1M1
Q9BXW6,brown,3,OSBPL1A
Q9BXW7,turquoise,1,HDHD5
Q9BY44,blue,2,EIF2A
Q9BYD1,pink,8,MRPL13
Q9BYD2,grey,0,MRPL9
Q9BYD3,grey,0,MRPL4
Q9BYD6,grey,0,MRPL1
Q9BYT8,grey,0,NLN
Q9BYV2,yellow,4,TRIM54
Q9BYV7,grey,0,BCO2
Q9BZE1,green,5,MRPL37
Q9BZE9,brown,3,ASPSCR1
Q9BZL1,brown,3,UBL5
Q9BZQ8,grey,0,NIBAN1
Q9BZV1,grey,0,UBXN6
Q9C0C9,blue,2,UBE2O
Q9C0E8,grey,0,LNPK
Q9GZP4,turquoise,1,PITHD1
Q9GZT3,pink,8,SLIRP
Q9GZT8,grey,0,NIF3L1
Q9GZT9,turquoise,1,EGLN1
Q9GZV1,blue,2,ANKRD2
Q9GZZ1,grey,0,NAA50
Q9H061,green,5,TMEM126A
Q9H074,grey,0,PAIP1
Q9H078,green,5,CLPB
Q9H0E2,blue,2,TOLLIP
Q9H0N5,turquoise,1,PCBD2
Q9H0P0,brown,3,NT5C3A
Q9H0R4,red,6,HDHD2
Q9H0U4,blue,2,RAB1B
Q9H0W9,yellow,4,C11orf54
Q9H1E3,grey,0,NUCKS1
Q9H1E5,grey,0,TMX4
Q9H1R3,brown,3,MYLK2
Q9H223,green,5,EHD4
Q9H299,red,6,SH3BGRL3
Q9H2G2,blue,2,SLK
Q9H2H8,grey,0,PPIL3
Q9H2I8,blue,2,LRMDA
Q9H2S6,pink,8,TNMD
Q9H2U2,turquoise,1,PPA2
Q9H2W6,green,5,MRPL46
Q9H330,grey,0,TMEM245
Q9H3H3,brown,3,C11orf68
Q9H3K2,green,5,GHITM
Q9H3K6,grey,0,BOLA2
Q9H3N1,grey,0,TMX1
Q9H444,brown,3,CHMP4B
Q9H477,yellow,4,RBKS
Q9H479,turquoise,1,FN3K
Q9H496,grey,0,TOR1AIP2
Q9H4A4,grey,0,RNPEP
Q9H4G4,blue,2,GLIPR2
Q9H4M9,grey,0,EHD1
Q9H6F2,brown,3,TMEM38A
Q9H6K4,pink,8,OPA3
Q9H773,green,5,DCTPP1
Q9H7C9,grey,0,AAMDC
Q9H7Z7,pink,8,PTGES2
Q9H832,grey,0,UBE2Z
Q9H845,turquoise,1,ACAD9
Q9H8H3,grey,0,METTL7A
Q9H8M1,pink,8,COQ10B
Q9H8S9,yellow,4,MOB1A
Q9H8Y8,grey,0,GORASP2
Q9H910,turquoise,1,JPT2
Q9H987,yellow,4,SYNPO2L
Q9H993,grey,0,ARMT1
Q9H9A6,grey,0,LRRC40
Q9H9B4,turquoise,1,SFXN1
Q9H9P8,turquoise,1,L2HGDH
Q9H9Q2,brown,3,COPS7B
Q9HA64,grey,0,FN3KRP
Q9HA65,grey,0,TBC1D17
Q9HA77,grey,0,CARS2
Q9HAV7,turquoise,1,GRPEL1
Q9HB71,grey,0,CACYBP
Q9HBH5,grey,0,RDH14
Q9HBI1,grey,0,PARVB
Q9HBL0,green,5,TNS1
Q9HBL7,green,5,PLGRKT
Q9HC38,red,6,GLOD4
Q9HCC0,turquoise,1,MCCC2
Q9HCP6,grey,0,HHATL
Q9HCU5,grey,0,PREB
Q9HD33,grey,0,MRPL47
Q9HDC5,black,7,JPH1
Q9HDC9,blue,2,APMAP
Q9NNW7,grey,0,TXNRD2
Q9NP72,blue,2,RAB18
Q9NP74,grey,0,PALMD
Q9NP77,grey,0,SSU72
Q9NP79,grey,0,VTA1
Q9NP81,turquoise,1,SARS2
Q9NP97,brown,3,DYNLRB1
Q9NP98,yellow,4,MYOZ1
Q9NPC6,yellow,4,MYOZ2
Q9NPF4,yellow,4,OSGEP
Q9NPJ3,turquoise,1,ACOT13
Q9NQ50,turquoise,1,MRPL40
Q9NQ88,grey,0,TIGAR
Q9NQC3,brown,3,RTN4
Q9NQE9,grey,0,HINT3
Q9NQP4,grey,0,PFDN4
Q9NQR4,grey,0,NIT2
Q9NQW7,yellow,4,XPNPEP1
Q9NQX3,grey,0,GPHN
Q9NR12,yellow,4,PDLIM7
Q9NR19,turquoise,1,ACSS2
Q9NR28,turquoise,1,DIABLO
Q9NR31,brown,3,SAR1A
Q9NR46,yellow,4,SH3GLB2
Q9NR50,magenta,9,EIF2B3
Q9NR56,grey,0,MBNL1
Q9NRG7,turquoise,1,SDR39U1
Q9NRN7,grey,0,AASDHPPT
Q9NRP0,yellow,4,OSTC
Q9NRP2,green,5,CMC2
Q9NRV9,turquoise,1,HEBP1
Q9NRX4,grey,0,PHPT1
Q9NS69,green,5,TOMM22
Q9NS86,yellow,4,LANCL2
Q9NSD9,blue,2,FARSB
Q9NSE4,turquoise,1,IARS2
Q9NTG7,turquoise,1,SIRT3
Q9NTJ4,grey,0,MAN2C1
Q9NTK5,brown,3,OLA1
Q9NTM9,grey,0,CUTC
Q9NUB1,grey,0,ACSS1
Q9NUJ1,turquoise,1,ABHD10
Q9NUU7,grey,0,DDX19A
Q9NVA2,grey,0,SEPTIN11
Q9NVD7,grey,0,PARVA
Q9NVE7,brown,3,PANK4
Q9NVH1,green,5,DNAJC11
Q9NVH6,green,5,TMLHE
Q9NVI7,green,5,ATAD3A
Q9NVJ2,brown,3,ARL8B
Q9NVS2,pink,8,MRPS18A
Q9NVS9,turquoise,1,PNPO
Q9NWU1,turquoise,1,OXSM
Q9NWU5,grey,0,MRPL22
Q9NWV4,brown,3,CZIB
Q9NWV8,brown,3,BABAM1
Q9NX14,green,5,NDUFB11
Q9NX40,turquoise,1,OCIAD1
Q9NX47,blue,2,MARCHF5
Q9NX63,green,5,CHCHD3
Q9NXA8,turquoise,1,SIRT5
Q9NXR7,grey,0,BABAM2
Q9NY33,blue,2,DPP3
Q9NY65,yellow,4,TUBA8
Q9NYL2,brown,3,MAP3K20
Q9NYU2,grey,0,UGGT1
Q9NZ01,magenta,9,TECR
Q9NZ08,blue,2,ERAP1
Q9NZ45,turquoise,1,CISD1
Q9NZA1,yellow,4,CLIC5
Q9NZB2,blue,2,FAM120A
Q9NZD2,turquoise,1,GLTP
Q9NZJ6,turquoise,1,COQ3
Q9NZL4,grey,0,HSPBP1
Q9NZL9,turquoise,1,MAT2B
Q9NZM1,blue,2,MYOF
Q9NZN4,turquoise,1,EHD2
Q9NZQ9,yellow,4,TMOD4
Q9NZU5,blue,2,LMCD1
Q9NZZ3,yellow,4,CHMP5
Q9P003,blue,2,CNIH4
Q9P032,turquoise,1,NDUFAF4
Q9P0I2,yellow,4,EMC3
Q9P0J0,green,5,NDUFA13
Q9P0J1,turquoise,1,PDP1
Q9P0J6,blue,2,MRPL36
Q9P0L0,black,7,VAPA
Q9P0P0,yellow,4,RNF181
Q9P0S9,grey,0,TMEM14C
Q9P2J5,blue,2,LARS1
Q9P2R7,turquoise,1,SUCLA2
Q9P2T1,brown,3,GMPR2
Q9P2X0,grey,0,DPM3
Q9P2X3,brown,3,IMPACT
Q9UBB4,turquoise,1,ATXN10
Q9UBC2,grey,0,EPS15L1
Q9UBE0,grey,0,SAE1
Q9UBF6,yellow,4,RNF7
Q9UBF9,black,7,MYOT
Q9UBI6,blue,2,GNG12
Q9UBQ0,green,5,VPS29
Q9UBQ5,grey,0,EIF3K
Q9UBQ7,grey,0,GRHPR
Q9UBR2,turquoise,1,CTSZ
Q9UBT2,turquoise,1,UBA2
Q9UBW8,red,6,COPS7A
Q9UBY9,blue,2,HSPB7
Q9UDT6,blue,2,CLIP2
Q9UDW1,grey,0,UQCR10
Q9UDY4,grey,0,DNAJB4
Q9UFN0,brown,3,NIPSNAP3A
Q9UGI8,yellow,4,TES
Q9UGL1,pink,8,KDM5B
Q9UGM6,turquoise,1,WARS2
Q9UH92,grey,0,MLX
Q9UHD8,red,6,SEPTIN9
Q9UHD9,grey,0,UBQLN2
Q9UHG3,brown,3,PCYOX1
Q9UHL4,turquoise,1,DPP7
Q9UHP9,blue,2,SMPX
Q9UHQ4,blue,2,BCAP29
Q9UHQ9,turquoise,1,CYB5R1
Q9UHV9,grey,0,PFDN2
Q9UHX1,grey,0,PUF60
Q9UHY7,yellow,4,ENOPH1
Q9UI09,green,5,NDUFA12
Q9UI10,red,6,EIF2B4
Q9UI12,yellow,4,ATP6V1H
Q9UI30,brown,3,TRMT112
Q9UIA9,grey,0,XPO7
Q9UIC8,grey,0,LCMT1
Q9UII2,turquoise,1,ATP5IF1
Q9UIJ7,turquoise,1,AK3
Q9UJ70,turquoise,1,NAGK
Q9UJS0,green,5,SLC25A13
Q9UJU6,black,7,DBNL
Q9UJW0,magenta,9,DCTN4
Q9UJY1,yellow,4,HSPB8
Q9UJZ1,green,5,STOML2
Q9UK41,grey,0,VPS28
Q9UK76,blue,2,JPT1
Q9UKG1,turquoise,1,APPL1
Q9UKS6,grey,0,PACSIN3
Q9UKU7,turquoise,1,ACAD8
Q9UKV8,green,5,AGO2
Q9UKX2,yellow,4,MYH2
Q9UKX3,yellow,4,MYH13
Q9UKY7,grey,0,CDV3
Q9UL25,grey,0,RAB21
Q9UL46,blue,2,PSME2
Q9ULA0,grey,0,DNPEP
Q9ULC4,blue,2,MCTS1
Q9ULP9,grey,0,TBC1D24
Q9UM00,blue,2,TMCO1
Q9UM22,turquoise,1,EPDR1
Q9UM54,magenta,9,MYO6
Q9UMS0,turquoise,1,NFU1
Q9UMS6,yellow,4,SYNPO2
Q9UMX0,grey,0,UBQLN1
Q9UMY4,grey,0,SNX12
Q9UN36,yellow,4,NDRG2
Q9UN37,turquoise,1,VPS4A
Q9UN86,green,5,G3BP2
Q9UNE7,brown,3,STUB1
Q9UNF0,grey,0,PACSIN2
Q9UNH7,grey,0,SNX6
Q9UNM6,blue,2,PSMD13
Q9UNS2,brown,3,COPS3
Q9UNZ2,grey,0,NSFL1C
Q9UPN7,green,5,PPP6R1
Q9UPQ0,grey,0,LIMCH1
Q9UPU5,grey,0,USP24
Q9UPY8,blue,2,MAPRE3
Q9UQ80,black,7,PA2G4
Q9UQM7,magenta,9,CAMK2A
Q9UQN3,brown,3,CHMP2B
Q9Y224,black,7,RTRAF
Q9Y230,magenta,9,RUVBL2
Q9Y235,magenta,9,APOBEC2
Q9Y237,brown,3,PIN4
Q9Y262,magenta,9,EIF3L
Q9Y263,brown,3,PLAA
Q9Y266,blue,2,NUDC
Q9Y276,grey,0,BCS1L
Q9Y277,green,5,VDAC3
Q9Y281,grey,0,CFL2
Q9Y285,blue,2,FARSA
Q9Y2B0,grey,0,CNPY2
Q9Y2H6,yellow,4,FNDC3A
Q9Y2J8,blue,2,PADI2
Q9Y2Q3,turquoise,1,GSTK1
Q9Y2Q5,grey,0,LAMTOR2
Q9Y2Q9,turquoise,1,MRPS35
Q9Y2R0,turquoise,1,COA3
Q9Y2S6,grey,0,TMA7
Q9Y2Z0,turquoise,1,SUGT1
Q9Y2Z9,turquoise,1,COQ6
Q9Y305,turquoise,1,ACOT9
Q9Y316,blue,2,MEMO1
Q9Y320,yellow,4,TMX2
Q9Y371,brown,3,SH3GLB1
Q9Y376,grey,0,CAB39
Q9Y383,turquoise,1,LUC7L2
Q9Y394,blue,2,DHRS7
Q9Y3A3,blue,2,MOB4
Q9Y3A5,brown,3,SBDS
Q9Y3B7,green,5,MRPL11
Q9Y3C6,brown,3,PPIL1
Q9Y3D2,turquoise,1,MSRB2
Q9Y3D6,pink,8,FIS1
Q9Y3E5,grey,0,PTRH2
Q9Y3F4,brown,3,STRAP
Q9Y3I0,black,7,RTCB
Q9Y3U8,black,7,RPL36
Q9Y3Z3,grey,0,SAMHD1
Q9Y450,blue,2,HBS1L
Q9Y490,grey,0,TLN1
Q9Y4E8,brown,3,USP15
Q9Y4G6,grey,0,TLN2
Q9Y4J8,grey,0,DTNA
Q9Y4L1,blue,2,HYOU1
Q9Y4W6,turquoise,1,AFG3L2
Q9Y4X5,yellow,4,ARIH1
Q9Y508,turquoise,1,RNF114
Q9Y512,green,5,SAMM50
Q9Y570,grey,0,PPME1
Q9Y5J7,turquoise,1,TIMM9
Q9Y5J9,green,5,TIMM8B
Q9Y5K5,grey,0,UCHL5
Q9Y5L4,turquoise,1,TIMM13
Q9Y5M8,grey,0,SRPRB
Q9Y5P6,brown,3,GMPPB
Q9Y5U8,pink,8,MPC1
Q9Y5X3,brown,3,SNX5
Q9Y5Z4,grey,0,HEBP2
Q9Y5Z7,turquoise,1,HCFC2
Q9Y613,magenta,9,FHOD1
Q9Y623,yellow,4,MYH4
Q9Y676,pink,8,MRPS18B
Q9Y678,grey,0,COPG1
Q9Y696,blue,2,CLIC4
Q9Y697,turquoise,1,NFS1
Q9Y6A9,grey,0,SPCS1
Q9Y6B6,brown,3,SAR1B
Q9Y6C9,green,5,MTCH2
Q9Y6E2,grey,0,BZW2
Q9Y6G9,blue,2,DYNC1LI1
Q9Y6H1,green,5,CHCHD2
Q9Y6M9,green,5,NDUFB9
Q9Y6N1,turquoise,1,COX11
Q9Y6N5,grey,0,SQOR
Q9Y6P5,grey,0,SESN1
Q9Y6Y8,blue,2,SEC23IP
