pathway,database,set_size,n_sig_contrasts,NES_Aging,NES_Training_Young,NES_Training_Old,NES_Interaction,NES_Reversal,padj_Aging,padj_Training_Young,padj_Training_Old,padj_Interaction,padj_Reversal,survives_J03,survives_J05,survives_J07
GOSLIM_CYTOPLASMIC_TRANSLATION,GO Slim,115,4,-2.877,1.385,2.584,1.637,3.09,3.484e-17,0.07914,3.092e-12,0.01109,9.309e-23,FALSE,TRUE,TRUE
GOSLIM_RIBOSOME_BIOGENESIS,GO Slim,56,4,-2.32,0.641,2.212,1.839,2.525,2.831e-6,0.979,1.485e-5,0.002058,4.062e-8,TRUE,TRUE,TRUE
GOSLIM_AMINO_ACID_METABOLIC_PROCESS,GO Slim,99,4,2.062,1.166,-1.606,-1.519,-2.13,8.733e-6,0.306,0.009379,0.01668,7.546e-6,FALSE,TRUE,TRUE
GOSLIM_KETONE_METABOLIC_PROCESS,GO Slim,50,3,1.856,-1.002,-1.656,-0.918,-1.924,0.00563,0.592,0.03367,0.6913,0.00147,TRUE,TRUE,TRUE
GOSLIM_PROTEIN_FOLDING,GO Slim,87,3,1.252,2.344,1.789,-1.806,0.698,0.3455,4.396e-8,0.001629,0.00199,0.9985,TRUE,TRUE,TRUE
GOSLIM_MUSCLE_SYSTEM_PROCESS,GO Slim,135,2,-2.057,0.965,0.904,1.243,1.865,3.288e-6,0.6875,0.7854,0.1852,1.451e-4,TRUE,TRUE,TRUE
GOSLIM_DETOXIFICATION,GO Slim,51,2,1.433,-0.897,-1.589,-0.944,-1.697,0.1619,0.7224,0.03108,0.6563,0.01512,TRUE,TRUE,TRUE
GOSLIM_MITOCHONDRION_ORGANIZATION,GO Slim,163,2,1.09,-2.203,0.687,2.145,-0.817,0.4996,7.596e-9,0.9944,1.187e-7,0.9985,TRUE,TRUE,TRUE
GOSLIM_EXTRACELLULAR_MATRIX_ORGANIZATION,GO Slim,39,2,-0.953,-1.893,1.378,2.28,1.117,0.7995,0.005274,0.1654,1.989e-5,0.5934,TRUE,TRUE,TRUE
GOSLIM_MICROTUBULE-BASED_MOVEMENT,GO Slim,48,2,-0.898,1.842,0.879,-1.9,0.995,0.8616,0.004103,0.7854,0.00199,0.8526,TRUE,TRUE,TRUE
GOSLIM_GENERATION_OF_PRECURSOR_METABOLITES_AND_ENERGY,GO Slim,222,2,0.891,-2.135,0.891,2.265,-0.694,0.8733,2.198e-9,0.79,5.997e-11,0.9985,FALSE,FALSE,FALSE
GOSLIM_TRNA_METABOLIC_PROCESS,GO Slim,39,2,-0.807,1.996,1.002,-1.865,0.85,0.8733,0.001185,0.6395,0.004305,0.8771,TRUE,TRUE,TRUE
GOSLIM_VITAMIN_METABOLIC_PROCESS,GO Slim,15,1,1.265,1.366,-1.634,-1.915,-1.382,0.4702,0.2283,0.06502,0.007157,0.3997,TRUE,TRUE,TRUE
GOSLIM_PROTEIN_LOCALIZATION_TO_PLASMA_MEMBRANE,GO Slim,67,1,-0.987,1.332,1.693,1.128,1.167,0.7911,0.1484,0.01569,0.4288,0.5379,TRUE,TRUE,TRUE
GOSLIM_ESTABLISHMENT_OR_MAINTENANCE_OF_CELL_POLARITY,GO Slim,40,1,0.799,1.518,1.828,0.709,1.285,0.8733,0.07914,0.009379,0.9284,0.4012,TRUE,TRUE,TRUE
GOSLIM_CHROMOSOME_SEGREGATION,GO Slim,52,1,-0.686,1.65,1.027,-1.345,0.989,0.9559,0.02276,0.6395,0.1603,0.8526,TRUE,TRUE,TRUE
GOBP_CYTOPLASMIC_TRANSLATION,GO:BP,116,4,-2.893,1.382,2.606,1.649,3.106,1.543e-16,0.2327,4.802e-11,0.03832,1.001e-21,FALSE,FALSE,FALSE
GOBP_MUSCLE_ORGAN_DEVELOPMENT,GO:BP,91,4,-2.207,-1.69,-1.133,1.735,1.89,3.534e-6,0.02116,0.6135,0.01462,0.002442,TRUE,TRUE,TRUE
GOBP_RIBOSOME_BIOGENESIS,GO:BP,57,4,-2.302,0.637,2.214,1.825,2.52,1.056e-5,0.9994,3.113e-4,0.01491,1.715e-7,FALSE,FALSE,FALSE
GOBP_RIBOSOMAL_SMALL_SUBUNIT_BIOGENESIS,GO:BP,30,4,-2.252,0.952,2.352,1.814,2.517,6.502e-4,0.8875,1.768e-4,0.04552,2.34e-6,FALSE,TRUE,TRUE
GOBP_ORGANIC_ACID_CATABOLIC_PROCESS,GO:BP,86,3,2.717,-1.048,-1.978,-1.117,-2.846,3.55e-11,0.782,0.005708,0.6206,3.706e-13,TRUE,TRUE,TRUE
GOBP_MEMBRANELESS_ORGANELLE_ASSEMBLY,GO:BP,114,3,-2.475,1.433,2.089,1.4,2.787,3.524e-9,0.1822,1.354e-4,0.2448,1.851e-14,TRUE,TRUE,TRUE
GOBP_SMALL_MOLECULE_CATABOLIC_PROCESS,GO:BP,126,3,2.402,-1.011,-1.887,-1.079,-2.465,7.855e-9,0.8277,0.001694,0.6588,1.239e-9,FALSE,FALSE,TRUE
GOBP_LIPID_OXIDATION,GO:BP,37,3,2.642,-1.005,-1.927,-1.102,-2.83,1.027e-7,0.8349,0.02841,0.6688,7.244e-10,TRUE,TRUE,TRUE
GOBP_LIPID_CATABOLIC_PROCESS,GO:BP,60,3,2.498,-0.516,-1.839,-1.449,-2.692,1.067e-7,0.9994,0.0393,0.2276,1.137e-8,TRUE,TRUE,TRUE
GOBP_RIBONUCLEOPROTEIN_COMPLEX_BIOGENESIS,GO:BP,99,3,-2.167,0.817,1.828,1.537,2.359,1.279e-5,0.9849,0.01237,0.1215,2.805e-7,FALSE,FALSE,TRUE
GOBP_RRNA_PROCESSING,GO:BP,31,3,-2.105,-0.878,2.025,1.751,2.271,0.001729,0.9176,0.01311,0.07841,4.514e-4,FALSE,FALSE,TRUE
GOBP_RRNA_METABOLIC_PROCESS,GO:BP,36,3,-1.977,0.884,1.998,1.49,2.178,0.01076,0.911,0.01923,0.2761,6.909e-4,FALSE,FALSE,FALSE
GOBP_SULFUR_COMPOUND_METABOLIC_PROCESS,GO:BP,79,3,1.713,-0.909,-1.889,-1.106,-2.029,0.02175,0.911,0.01438,0.6423,6.909e-4,TRUE,TRUE,TRUE
GOBP_RIBOSOME_ASSEMBLY,GO:BP,22,3,-1.913,0.956,1.976,1.61,2.242,0.02532,0.8816,0.0393,0.219,7.325e-4,TRUE,TRUE,TRUE
GOBP_ACTIN_FILAMENT_ORGANIZATION,GO:BP,97,3,-1.675,1.437,1.769,1.089,1.769,0.03122,0.1938,0.03427,0.6657,0.01361,TRUE,TRUE,TRUE
GOBP_PROTEIN_FOLDING,GO:BP,90,3,1.293,2.367,1.737,-1.848,-0.66,0.3471,1.682e-7,0.0393,0.00268,1,FALSE,FALSE,FALSE
GOBP_MUSCLE_CELL_DEVELOPMENT,GO:BP,75,2,-2.615,-1.116,-1.143,1.259,2.379,3.612e-9,0.6966,0.6135,0.4585,3.937e-7,TRUE,TRUE,TRUE
GOBP_FATTY_ACID_METABOLIC_PROCESS,GO:BP,104,2,2.415,-0.943,-1.5,-1.088,-2.517,6.414e-8,0.9024,0.1442,0.6537,1.239e-9,TRUE,TRUE,TRUE
GOBP_FATTY_ACID_CATABOLIC_PROCESS,GO:BP,37,2,2.663,-0.83,-1.7,-1.109,-2.889,8.077e-8,0.9557,0.1263,0.6657,1.426e-10,FALSE,FALSE,TRUE
GOBP_MONOCARBOXYLIC_ACID_CATABOLIC_PROCESS,GO:BP,46,2,2.617,-0.805,-1.63,-1.085,-2.814,8.077e-8,0.9715,0.153,0.6791,7.244e-10,FALSE,FALSE,FALSE
GOBP_STRIATED_MUSCLE_CELL_DIFFERENTIATION,GO:BP,82,2,-2.419,-0.986,1.079,1.344,2.208,1.027e-7,0.8569,0.7203,0.3507,1.568e-5,FALSE,FALSE,TRUE
GOBP_FATTY_ACID_BETA_OXIDATION,GO:BP,32,2,2.613,-1.018,-1.818,-0.895,-2.825,1.054e-7,0.827,0.08282,0.894,7.244e-10,FALSE,FALSE,TRUE
GOBP_LIPID_MODIFICATION,GO:BP,41,2,2.588,-1.086,-1.724,-0.857,-2.749,1.054e-7,0.7649,0.1185,0.9304,4.386e-9,FALSE,FALSE,TRUE
GOBP_MUSCLE_CELL_DIFFERENTIATION,GO:BP,102,2,-2.355,-1.189,-0.976,1.426,2.066,1.067e-7,0.5696,0.8239,0.2235,9.973e-5,FALSE,TRUE,FALSE
GOBP_MYOFIBRIL_ASSEMBLY,GO:BP,43,2,-2.573,-0.981,1.43,1.641,2.484,1.426e-7,0.8588,0.3115,0.1236,8.597e-7,FALSE,TRUE,TRUE
GOBP_CELLULAR_COMPONENT_ASSEMBLY_INVOLVED_IN_MORPHOGENESIS,GO:BP,48,2,-2.516,-0.955,1.061,1.446,2.343,3.665e-7,0.8888,0.7564,0.2847,2.095e-5,TRUE,FALSE,TRUE
GOBP_SARCOMERE_ORGANIZATION,GO:BP,31,2,-2.486,-1.014,1.268,1.48,2.439,8.089e-7,0.8277,0.5433,0.2932,1.977e-5,FALSE,FALSE,TRUE
GOBP_MUSCLE_SYSTEM_PROCESS,GO:BP,141,2,-2.094,-0.955,0.913,1.293,1.845,3.534e-6,0.9021,0.8904,0.3525,0.001277,FALSE,FALSE,FALSE
GOBP_MUSCLE_CONTRACTION,GO:BP,118,2,-2.101,-0.96,0.939,1.355,1.906,1.056e-5,0.895,0.86240000000000006,0.2847,7.952e-4,FALSE,FALSE,FALSE
GOBP_BRANCHED_CHAIN_AMINO_ACID_METABOLIC_PROCESS,GO:BP,19,2,2.362,-0.497,-1.188,-0.826,-2.277,4.548e-5,0.9994,0.627,0.9438,4.184e-4,TRUE,TRUE,TRUE
GOBP_AMINO_ACID_CATABOLIC_PROCESS,GO:BP,41,2,2.293,-1.036,-1.732,-0.734,-2.41,7.039e-5,0.8,0.1175,0.9891,2.485e-5,FALSE,TRUE,TRUE
GOBP_AMINO_ACID_METABOLIC_PROCESS,GO:BP,96,2,2.109,1.311,-1.488,-1.558,-2.13,7.039e-5,0.375,0.1567,0.07997,3.392e-5,FALSE,FALSE,FALSE
GOBP_ACTOMYOSIN_STRUCTURE_ORGANIZATION,GO:BP,72,2,-2.127,0.883,1.183,1.092,1.979,1.293e-4,0.9221,0.5853,0.6711,7.952e-4,TRUE,TRUE,TRUE
GOBP_ALPHA_AMINO_ACID_METABOLIC_PROCESS,GO:BP,57,2,2.077,-0.917,-1.732,-0.909,-2.176,9.129e-4,0.9053,0.08282,0.9008,3.486e-4,FALSE,FALSE,TRUE
GOBP_TRANSLATIONAL_INITIATION,GO:BP,56,2,-1.98,1.349,1.476,0.776,1.947,0.002595,0.3754,0.2609,0.9788,0.004839,TRUE,TRUE,TRUE
GOBP_SKELETAL_MUSCLE_ORGAN_DEVELOPMENT,GO:BP,49,2,-1.929,-1.138,-0.977,1.273,1.906,0.006747,0.6863,0.8229,0.4754,0.01143,FALSE,FALSE,TRUE
GOBP_SHORT_CHAIN_FATTY_ACID_METABOLIC_PROCESS,GO:BP,10,2,2.032,-0.658,-1.178,-1.017,-1.884,0.007419,0.996,0.6675,0.7704,0.04385,TRUE,TRUE,TRUE
GOBP_REGULATION_OF_MYELOID_CELL_DIFFERENTIATION,GO:BP,20,2,1.976,-0.855,-1.649,-0.745,-2.065,0.02741,0.9191,0.2199,0.9752,0.006598,TRUE,TRUE,TRUE
GOBP_KETONE_METABOLIC_PROCESS,GO:BP,52,2,1.823,-0.931,-1.711,-1.027,-1.933,0.03048,0.9024,0.1099,0.7508,0.0098,FALSE,FALSE,FALSE
GOBP_RIBOSOMAL_LARGE_SUBUNIT_BIOGENESIS,GO:BP,12,2,-1.943,-0.625,1.501,1.63,1.998,0.03048,0.9962,0.3653,0.219,0.007486,TRUE,TRUE,TRUE
GOBP_PROTEIN_RNA_COMPLEX_ORGANIZATION,GO:BP,62,2,-1.783,0.966,1.56,1.227,1.925,0.0312,0.8816,0.1682,0.5142,0.003745,TRUE,TRUE,TRUE
GOBP_FATTY_ACID_TRANSPORT,GO:BP,20,2,1.919,1.039,-1.573,-1.361,-1.953,0.0418,0.8072,0.2737,0.4431,0.01971,TRUE,TRUE,TRUE
GOBP_GLYCEROLIPID_METABOLIC_PROCESS,GO:BP,43,2,1.705,-1.054,-1.899,-1.271,-2.128,0.08786,0.782,0.0393,0.4737,7.325e-4,TRUE,TRUE,TRUE
GOBP_MODIFIED_AMINO_ACID_METABOLIC_PROCESS,GO:BP,52,2,1.64,-1.225,-1.855,-1.036,-1.955,0.09654,0.5741,0.03942,0.7397,0.007404,TRUE,TRUE,TRUE
GOBP_PROTEASOME_MEDIATED_UBIQUITIN_DEPENDENT_PROTEIN_CATABOLIC_PROCESS,GO:BP,98,2,-1.583,1.759,-0.674,-1.769,1.366,0.09654,0.008187,0.9982,0.01086,0.232,TRUE,TRUE,TRUE
GOBP_RESPONSE_TO_HEAT,GO:BP,31,2,-1.517,2.103,1.509,-1.457,1.853,0.2388,0.001752,0.2808,0.3112,0.04385,TRUE,TRUE,TRUE
GOBP_MUSCLE_ORGAN_MORPHOGENESIS,GO:BP,14,2,-1.566,-2.223,-1.414,2.099,1.225,0.2419,7.434e-4,0.4402,0.002373,0.5041,TRUE,TRUE,TRUE
GOBP_MITOCHONDRIAL_ELECTRON_TRANSPORT_NADH_TO_UBIQUINONE,GO:BP,42,2,-1.445,-3.3,-0.724,2.971,1.253,0.2593,3.9429999999999994e-22,0.9848,3.369e-15,0.4293,FALSE,FALSE,FALSE
GOBP_CARDIAC_MUSCLE_TISSUE_MORPHOGENESIS,GO:BP,11,2,-1.485,-1.992,-1.014,2.037,1.209,0.3207,0.02087,0.8045,0.01601,0.537,FALSE,FALSE,FALSE
GOBP_NADH_DEHYDROGENASE_COMPLEX_ASSEMBLY,GO:BP,24,2,-1.43,-2.352,1.082,2.508,1.447,0.3211,7.668e-5,0.7419,5.156e-7,0.2752,TRUE,TRUE,TRUE
GOBP_MITOCHONDRION_ORGANIZATION,GO:BP,146,2,1.244,-1.749,0.736,1.856,-0.951,0.3471,0.003302,0.9974,8.254e-4,0.8313,FALSE,FALSE,FALSE
GOBP_RIBOSE_PHOSPHATE_METABOLIC_PROCESS,GO:BP,157,2,-1.215,-1.829,1.026,2.002,1.183,0.3745,6.175e-4,0.7724,2.698e-5,0.4104,FALSE,FALSE,TRUE
GOBP_ATP_SYNTHESIS_COUPLED_ELECTRON_TRANSPORT,GO:BP,76,2,-1.173,-3.272,0.877,3.144,1.264,0.5006,3.9429999999999994e-22,0.903,8.57e-21,0.3789,FALSE,TRUE,TRUE
GOBP_ATP_METABOLIC_PROCESS,GO:BP,122,2,-1.156,-2.183,0.815,2.241,1.122,0.5019,3.548e-6,0.9757,1.77e-7,0.5326,FALSE,TRUE,TRUE
GOBP_CHAPERONE_MEDIATED_PROTEIN_FOLDING,GO:BP,39,2,1.163,2.062,1.861,-1.642,0.671,0.5676,0.001585,0.04157,0.1197,0.9937,FALSE,TRUE,TRUE
GOBP_POSITIVE_REGULATION_OF_PROTEIN_CONTAINING_COMPLEX_ASSEMBLY,GO:BP,48,2,-1.139,1.97,1.04,-1.802,1.247,0.5976,0.004493,0.7692,0.03403,0.4232,TRUE,TRUE,TRUE
GOBP_RIBOSE_PHOSPHATE_BIOSYNTHETIC_PROCESS,GO:BP,94,2,-1.085,-2.346,0.997,2.428,1.177,0.6496,4.331e-7,0.8101,1.15e-8,0.4686,TRUE,FALSE,TRUE
GOBP_CELL_CELL_RECOGNITION,GO:BP,13,2,-1.072,2.16,2.189,-0.892,1.63,0.7187,0.001336,0.003465,0.8765,0.19,FALSE,FALSE,TRUE
GOBP_NUCLEOSIDE_TRIPHOSPHATE_METABOLIC_PROCESS,GO:BP,134,2,-1.034,-2.081,1.057,2.206,1.072,0.7239,1.304e-5,0.7411,4.485e-7,0.6214,FALSE,FALSE,FALSE
GOBP_MITOCHONDRIAL_ELECTRON_TRANSPORT_CYTOCHROME_C_TO_OXYGEN,GO:BP,17,2,-1.051,-2.459,1.36,2.395,1.31,0.7243,5.916e-6,0.4771,1.923e-5,0.424,FALSE,FALSE,FALSE
GOBP_BASEMENT_MEMBRANE_ORGANIZATION,GO:BP,13,2,-1.032,-2.206,-0.733,2.243,0.865,0.7568,8.31e-4,0.962,2.038e-4,0.8666,TRUE,TRUE,TRUE
GOBP_CELLULAR_RESPIRATION,GO:BP,142,2,0.976,-2.748,0.621,2.736,-0.708,0.8223,9.565e-15,1,1.756e-16,1,FALSE,TRUE,TRUE
GOBP_MICROTUBULE_BASED_MOVEMENT,GO:BP,50,2,-0.971,1.816,1.113,-1.78,1.018,0.8223,0.02087,0.6899,0.03742,0.7194,FALSE,FALSE,FALSE
GOBP_PURINE_NUCLEOTIDE_BIOSYNTHETIC_PROCESS,GO:BP,97,2,-0.954,-2.298,1.053,2.367,1.053,0.8467,3.359e-6,0.7538,1.075e-7,0.6544,FALSE,FALSE,FALSE
GOBP_NUCLEOTIDE_BIOSYNTHETIC_PROCESS,GO:BP,102,2,-0.931,-2.25,0.846,2.284,0.903,0.8793,9.997e-7,0.9485,2.023e-7,0.8834,FALSE,TRUE,FALSE
GOBP_GENERATION_OF_PRECURSOR_METABOLITES_AND_ENERGY,GO:BP,221,2,0.914,-2.175,0.845,2.278,-0.71,0.9385,5.28e-9,0.9757,3.766e-11,1,FALSE,TRUE,FALSE
GOBP_ENDOPLASMIC_RETICULUM_TO_GOLGI_VESICLE_MEDIATED_TRANSPORT,GO:BP,41,2,-0.84,1.905,-0.62,-2.034,0.758,0.9519,0.009744,0.9976,0.002872,0.9767,TRUE,TRUE,TRUE
GOBP_ELECTRON_TRANSPORT_CHAIN,GO:BP,84,2,-0.859,-3.237,0.622,3.041,0.822,0.9586,3.038e-21,0.999,2.911e-19,0.9665,FALSE,FALSE,FALSE
GOBP_NUCLEOSIDE_TRIPHOSPHATE_BIOSYNTHETIC_PROCESS,GO:BP,77,2,-0.851,-2.62,0.884,2.657,0.991,0.9643,4.141e-10,0.9006,4.862e-11,0.7664,FALSE,FALSE,TRUE
GOBP_ATP_BIOSYNTHETIC_PROCESS,GO:BP,71,2,-0.847,-2.753,0.524,2.703,0.845,0.9646,3.893e-11,1,2.157e-11,0.9426,FALSE,TRUE,FALSE
GOBP_REGULATION_OF_PROTEIN_STABILITY,GO:BP,88,2,0.846,2.059,1.373,-1.763,1.162,0.9664,6.61e-5,0.2874,0.009073,0.4973,TRUE,TRUE,TRUE
GOBP_TRNA_METABOLIC_PROCESS,GO:BP,39,2,-0.807,1.987,1.003,-1.863,0.851,0.9716,0.004079,0.805,0.04094,0.907,FALSE,FALSE,FALSE
GOBP_BINDING_OF_SPERM_TO_ZONA_PELLUCIDA,GO:BP,10,2,-0.725,2.125,2.096,-0.958,1.528,0.9799,0.001316,0.009877,0.8184,0.2658,TRUE,TRUE,TRUE
GOBP_ENERGY_DERIVATION_BY_OXIDATION_OF_ORGANIC_COMPOUNDS,GO:BP,174,2,0.863,-2.492,0.894,2.565,0.65,0.9799,1.349e-12,0.9192,2.023e-14,1,TRUE,FALSE,TRUE
GOBP_SPERM_EGG_RECOGNITION,GO:BP,10,2,-0.725,2.125,2.096,-0.958,1.528,0.9799,0.001316,0.009877,0.8184,0.2658,FALSE,FALSE,FALSE
GOBP_ESTABLISHMENT_OF_ORGANELLE_LOCALIZATION,GO:BP,84,2,0.815,1.705,0.773,-1.725,0.755,0.9829,0.03309,0.9822,0.0214,0.9917,TRUE,TRUE,TRUE
GOBP_PROTON_MOTIVE_FORCE_DRIVEN_ATP_SYNTHESIS,GO:BP,60,2,-0.803,-2.926,-0.716,2.7,0.771,0.9829,8.736e-14,0.9888,9.746e-11,0.9807,FALSE,FALSE,TRUE
GOBP_AEROBIC_RESPIRATION,GO:BP,129,2,0.765,-2.833,0.723,2.815,-0.422,0.9998,3.184e-16,0.9976,3.882e-17,1,FALSE,FALSE,FALSE
GOBP_AMINO_ACID_ACTIVATION,GO:BP,26,2,0.708,2.058,0.839,-2.214,0.672,0.9998,0.004762,0.9093,7.535e-4,0.9917,FALSE,TRUE,FALSE
GOBP_MITOCHONDRIAL_RESPIRATORY_CHAIN_COMPLEX_ASSEMBLY,GO:BP,43,2,0.668,-2.416,0.717,2.463,-0.67,0.9998,2.03e-6,0.9848,5.955e-7,0.9937,FALSE,TRUE,TRUE
GOBP_NUCLEOSIDE_PHOSPHATE_BIOSYNTHETIC_PROCESS,GO:BP,134,2,-0.629,-2.048,0.584,2.023,0.528,0.9998,2.985e-5,1,2.972e-5,1,FALSE,FALSE,FALSE
GOBP_NUCLEOTIDE_METABOLIC_PROCESS,GO:BP,199,2,-0.718,-1.703,-0.656,1.713,-0.567,0.9998,6.732e-4,1,0.001556,1,FALSE,TRUE,FALSE
GOBP_OXIDATIVE_PHOSPHORYLATION,GO:BP,104,2,-0.7,-3.029,0.642,2.92,0.729,0.9998,6.135000000000001e-19,0.9998,2.344e-17,0.9963,FALSE,FALSE,TRUE
GOBP_POSITIVE_REGULATION_OF_DNA_BIOSYNTHETIC_PROCESS,GO:BP,12,2,0.571,2.191,1.981,-1.574,0.963,0.9998,6.732e-4,0.04157,0.2847,0.7971,TRUE,TRUE,TRUE
GOBP_POSITIVE_REGULATION_OF_PROTEIN_LOCALIZATION_TO_NUCLEUS,GO:BP,24,2,-0.605,2.161,1.72,-2.038,0.89,0.9998,0.001591,0.1362,0.01309,0.857,TRUE,TRUE,TRUE
GOBP_POSITIVE_REGULATION_OF_TELOMERE_MAINTENANCE_VIA_TELOMERE_LENGTHENING,GO:BP,13,2,0.585,2.14,2.021,-1.407,0.963,0.9998,0.001781,0.02841,0.4332,0.789,FALSE,TRUE,TRUE
GOBP_PROTON_TRANSMEMBRANE_TRANSPORT,GO:BP,88,2,-0.657,-2.796,0.815,2.707,0.781,0.9998,2.04e-13,0.962,2.722e-12,0.9862,TRUE,TRUE,TRUE
GOBP_PURINE_CONTAINING_COMPOUND_BIOSYNTHETIC_PROCESS,GO:BP,123,2,-0.624,-2.162,0.648,2.146,0.574,0.9998,3.359e-6,1,2.173e-6,1,FALSE,FALSE,TRUE
GOBP_MITOCHONDRIAL_TRANSPORT,GO:BP,62,1,1.955,-1.185,-0.7,1.323,-1.607,0.004945,0.6141,0.993,0.404,0.1179,TRUE,TRUE,TRUE
GOBP_STRIATED_MUSCLE_CONTRACTION,GO:BP,69,1,-1.854,0.885,0.925,1.164,1.677,0.01159,0.9205,0.8638,0.5844,0.06677,FALSE,TRUE,TRUE
GOBP_ENDOPLASMIC_RETICULUM_ORGANIZATION,GO:BP,35,1,-1.926,0.582,-1.137,-1.151,1.455,0.01345,0.9994,0.6646,0.6204,0.2509,TRUE,TRUE,TRUE
GOBP_CARDIAC_CELL_DEVELOPMENT,GO:BP,21,1,-2.039,-0.751,-1.351,-0.996,1.765,0.01448,0.9795,0.4808,0.7849,0.1251,FALSE,TRUE,TRUE
GOBP_MUSCLE_TISSUE_DEVELOPMENT,GO:BP,88,1,-1.797,-1.493,-1.24,1.398,1.609,0.02175,0.1556,0.4733,0.274,0.0831,FALSE,TRUE,TRUE
GOBP_RESPONSE_TO_INSULIN,GO:BP,59,1,1.803,-0.881,-1.172,-0.957,-1.587,0.02532,0.9209,0.5999,0.8359,0.1293,TRUE,TRUE,TRUE
GOBP_COMPLEMENT_ACTIVATION,GO:BP,14,1,1.958,1.516,1.019,-1.031,-1.362,0.03048,0.3297,0.7992,0.7553,0.3961,TRUE,TRUE,TRUE
GOBP_REGULATION_OF_LIPID_LOCALIZATION,GO:BP,29,1,1.906,1.186,-1.265,-1.515,-1.827,0.03048,0.662,0.5462,0.274,0.05459,FALSE,TRUE,TRUE
GOBP_REACTIVE_NITROGEN_SPECIES_METABOLIC_PROCESS,GO:BP,23,1,1.913,1.214,-1.138,-1.602,-1.783,0.0361,0.6457,0.6699,0.2158,0.08751,TRUE,TRUE,TRUE
GOBP_ADAPTIVE_IMMUNE_RESPONSE_BASED_ON_SOMATIC_RECOMBINATION_OF_IMMUNE_RECEPTORS_BUILT_FROM_IMMUNOGLOBULIN_SUPERFAMILY_DOMAINS,GO:BP,36,1,1.837,1.432,0.987,-1.153,-1.407,0.03834,0.3319,0.8168,0.6206,0.2966,FALSE,TRUE,TRUE
GOBP_CYTOPLASMIC_TRANSLATIONAL_INITIATION,GO:BP,30,1,-1.903,0.966,1.269,-0.874,1.88,0.0389,0.8804,0.546,0.9081,0.0564,FALSE,TRUE,TRUE
GOBP_INTERMEDIATE_FILAMENT_BASED_PROCESS,GO:BP,14,1,-1.938,0.667,-0.55,0.778,1.597,0.04128,0.996,0.9976,0.9568,0.2089,TRUE,TRUE,TRUE
GOBP_PHENOL_CONTAINING_COMPOUND_METABOLIC_PROCESS,GO:BP,13,1,1.927,-1.11,0.816,0.604,-1.532,0.04128,0.7649,0.9096,1,0.2633,TRUE,TRUE,TRUE
GOBP_CELLULAR_RESPONSE_TO_PEPTIDE_HORMONE_STIMULUS,GO:BP,66,1,1.71,-1.034,-1.31,0.857,-1.586,0.04159,0.7949,0.4183,0.9441,0.1188,FALSE,FALSE,TRUE
GOBP_TRICARBOXYLIC_ACID_CYCLE,GO:BP,25,1,1.898,0.862,1.305,-0.729,-1.652,0.0418,0.9176,0.505,0.9826,0.1527,FALSE,TRUE,TRUE
GOBP_MYOTUBE_CELL_DEVELOPMENT,GO:BP,15,1,-1.855,-0.999,0.744,1.154,1.673,0.04646,0.8405,0.9593,0.6552,0.163,TRUE,TRUE,TRUE
GOBP_REGULATION_OF_CELLULAR_RESPONSE_TO_INSULIN_STIMULUS,GO:BP,20,1,1.869,-0.779,-1.921,-1.055,-1.919,0.06237,0.9619,0.1185,0.73740000000000006,0.02509,TRUE,TRUE,TRUE
GOBP_REGULATION_OF_RESPONSE_TO_CYTOKINE_STIMULUS,GO:BP,17,1,1.841,0.999,-1.424,-1.661,-2.146,0.06237,0.8405,0.424,0.1799,0.002442,TRUE,TRUE,TRUE
GOBP_ACTIN_MYOSIN_FILAMENT_SLIDING,GO:BP,13,1,-1.863,-1.687,0.799,1.994,1.837,0.07857,0.1958,0.9192,0.01063,0.08606,TRUE,TRUE,TRUE
GOBP_ORGANIC_ACID_TRANSPORT,GO:BP,38,1,1.754,0.947,-1.523,-1.392,-1.842,0.08204,0.8892,0.2528,0.3586,0.03312,FALSE,TRUE,TRUE
GOBP_LONG_CHAIN_FATTY_ACID_TRANSPORT,GO:BP,17,1,1.819,1.164,-1.583,-1.525,-2.005,0.08494,0.711,0.2676,0.2932,0.01298,FALSE,FALSE,TRUE
GOBP_RESPONSE_TO_ZINC_ION,GO:BP,10,1,1.801,-0.702,-1.391,-1.074,-1.903,0.08933,0.9872,0.4762,0.7335,0.0385,TRUE,TRUE,TRUE
GOBP_CELLULAR_RESPONSE_TO_GLUCOSE_STARVATION,GO:BP,11,1,1.785,1.795,-0.622,-1.952,-1.788,0.09654,0.09504,0.9851,0.04854,0.09288,TRUE,TRUE,TRUE
GOBP_NADP_METABOLIC_PROCESS,GO:BP,17,1,1.781,-0.706,-1.838,-1.45,-1.877,0.09654,0.9933,0.1185,0.3661,0.04147,TRUE,TRUE,TRUE
GOBP_POSITIVE_REGULATION_OF_MYELOID_CELL_DIFFERENTIATION,GO:BP,11,1,1.786,-0.831,-1.775,-0.766,-1.987,0.09654,0.9205,0.1397,0.9568,0.01129,FALSE,TRUE,TRUE
GOBP_PROTEINOGENIC_AMINO_ACID_METABOLIC_PROCESS,GO:BP,41,1,1.706,-0.928,-1.508,-0.662,-1.891,0.09654,0.9013,0.2509,1,0.02214,TRUE,FALSE,FALSE
GOBP_REGULATION_OF_ACTIN_FILAMENT_BASED_PROCESS,GO:BP,73,1,-1.621,1.179,1.402,0.878,1.724,0.09654,0.6279,0.2907,0.9201,0.03485,FALSE,FALSE,TRUE
GOBP_NUTRIENT_STORAGE,GO:BP,12,1,1.772,-0.588,-1.439,-1.283,-2.012,0.09873,0.999,0.4402,0.5321,0.01709,TRUE,TRUE,TRUE
GOBP_LIPID_LOCALIZATION,GO:BP,70,1,1.606,0.926,-1.425,-1.29,-1.759,0.1066,0.9053,0.2601,0.4009,0.02289,TRUE,TRUE,TRUE
GOBP_AMIDE_METABOLIC_PROCESS,GO:BP,102,1,1.522,-0.745,-1.608,-1.157,-1.776,0.1128,0.999,0.07031,0.55,0.01105,TRUE,TRUE,TRUE
GOBP_L_AMINO_ACID_CATABOLIC_PROCESS,GO:BP,24,1,1.762,-0.786,-1.68,-0.848,-1.982,0.114,0.9619,0.1813,0.9201,0.01568,FALSE,FALSE,TRUE
GOBP_TRANSLATIONAL_ELONGATION,GO:BP,23,1,-1.738,1.859,1.72,-0.932,1.89,0.1174,0.0541,0.1521,0.8485,0.03516,TRUE,TRUE,TRUE
GOBP_CELLULAR_OXIDANT_DETOXIFICATION,GO:BP,41,1,1.634,-0.639,-1.504,-1.102,-1.837,0.1318,0.999,0.2528,0.6688,0.03516,FALSE,FALSE,TRUE
GOBP_RESPONSE_TO_TOXIC_SUBSTANCE,GO:BP,65,1,1.554,-0.894,-1.689,-1.074,-1.791,0.1411,0.9191,0.1135,0.6812,0.01709,FALSE,FALSE,TRUE
GOBP_STRESS_GRANULE_ASSEMBLY,GO:BP,13,1,-1.717,1.327,1.302,-0.948,1.893,0.1411,0.5679,0.5559,0.8251,0.0267,TRUE,TRUE,TRUE
GOBP_REGULATION_OF_LEUKOCYTE_MEDIATED_IMMUNITY,GO:BP,26,1,1.624,-0.992,-1.376,-1.075,-1.892,0.1821,0.8475,0.4402,0.7113,0.03074,TRUE,TRUE,TRUE
GOBP_TRIGLYCERIDE_METABOLIC_PROCESS,GO:BP,12,1,1.638,-1.484,-1.646,-0.745,-1.943,0.2002,0.375,0.2498,0.9713,0.03485,TRUE,TRUE,TRUE
GOBP_MULTICELLULAR_ORGANISMAL_MOVEMENT,GO:BP,28,1,-1.581,-1.51,0.562,1.807,1.46,0.209,0.2617,0.9976,0.04552,0.2633,TRUE,TRUE,TRUE
GOBP_GLYCEROLIPID_BIOSYNTHETIC_PROCESS,GO:BP,24,1,1.597,-0.631,-1.683,-1.463,-2.099,0.2108,0.999,0.1785,0.3386,0.004839,FALSE,FALSE,TRUE
GOBP_LOCOMOTORY_BEHAVIOR,GO:BP,22,1,1.56,1.448,-0.904,-2.231,-1.419,0.2338,0.3799,0.8638,0.002589,0.3175,TRUE,TRUE,TRUE
GOBP_CYTOPLASMIC_MICROTUBULE_ORGANIZATION,GO:BP,16,1,-1.571,1.746,0.765,-1.999,1.52,0.2388,0.1272,0.9464,0.02314,0.2509,TRUE,TRUE,TRUE
GOBP_PHOSPHOLIPID_METABOLIC_PROCESS,GO:BP,40,1,1.461,-0.907,-1.795,-1.343,-1.869,0.258,0.9061,0.07251,0.41,0.03066,FALSE,FALSE,TRUE
GOBP_GLYCEROPHOSPHOLIPID_METABOLIC_PROCESS,GO:BP,29,1,1.429,-0.759,-1.873,-1.414,-1.92,0.3024,0.9841,0.05247,0.3661,0.0267,FALSE,FALSE,FALSE
GOBP_RIBOSOMAL_SMALL_SUBUNIT_ASSEMBLY,GO:BP,10,1,-1.491,1.403,1.857,1.333,1.938,0.3126,0.4687,0.1175,0.4964,0.03113,FALSE,TRUE,TRUE
GOBP_LIPID_HOMEOSTASIS,GO:BP,26,1,1.404,1.606,-1.396,-1.975,-1.49,0.3355,0.1954,0.434,0.01462,0.2635,TRUE,TRUE,TRUE
GOBP_COLLAGEN_FIBRIL_ORGANIZATION,GO:BP,12,1,-1.396,-1.304,1.609,1.897,1.703,0.4015,0.5851,0.2578,0.03298,0.1558,TRUE,TRUE,TRUE
GOBP_CELLULAR_RESPONSE_TO_XENOBIOTIC_STIMULUS,GO:BP,29,1,1.254,1.24,-1.585,-2.139,-1.372,0.481,0.6091,0.248,0.002589,0.3519,TRUE,TRUE,TRUE
GOBP_PROTEIN_POLYUBIQUITINATION,GO:BP,34,1,1.239,-1.176,-1.915,-1.29,-1.562,0.4833,0.6577,0.0393,0.4754,0.1855,TRUE,TRUE,TRUE
GOBP_VITAMIN_METABOLIC_PROCESS,GO:BP,17,1,1.265,1.297,-1.596,-2.013,-1.336,0.5006,0.5741,0.2601,0.01818,0.4082,FALSE,FALSE,FALSE
GOBP_RESPONSE_TO_TEMPERATURE_STIMULUS,GO:BP,40,1,-1.167,2.101,1.341,-1.521,1.489,0.5676,0.001336,0.4402,0.219,0.2104,FALSE,FALSE,TRUE
GOBP_REGULATION_OF_PROTEIN_CATABOLIC_PROCESS,GO:BP,89,1,-1.076,1.703,0.824,-1.595,1.067,0.6614,0.02116,0.962,0.05215,0.6401,TRUE,TRUE,TRUE
GOBP_AXONAL_TRANSPORT,GO:BP,12,1,-1.075,2.011,1.041,-1.797,1.707,0.7182,0.01113,0.7777,0.106,0.1538,FALSE,FALSE,FALSE
GOBP_SYNAPSE_ASSEMBLY,GO:BP,18,1,-1.053,0.903,-1.982,-1.516,-1.205,0.7239,0.9024,0.04157,0.2932,0.5277,TRUE,TRUE,TRUE
GOBP_ORGAN_GROWTH,GO:BP,15,1,1.033,0.654,-1.962,-1.78,-1.457,0.7525,0.996,0.04157,0.1074,0.3071,TRUE,TRUE,TRUE
GOBP_AXO_DENDRITIC_TRANSPORT,GO:BP,16,1,-0.978,2.065,0.928,-1.606,1.505,0.8019,0.002961,0.842,0.2448,0.2633,TRUE,TRUE,TRUE
GOBP_PROTEIN_LOCALIZATION_TO_PLASMA_MEMBRANE,GO:BP,68,1,-0.987,1.421,1.74,1.092,1.221,0.808,0.2689,0.04157,0.6745,0.4293,FALSE,FALSE,FALSE
GOBP_REGULATION_OF_PROTEIN_CONTAINING_COMPLEX_ASSEMBLY,GO:BP,90,1,-0.983,1.816,1,-1.551,1.169,0.8096,0.005182,0.8101,0.08123,0.4891,FALSE,TRUE,TRUE
GOBP_EXTERNAL_ENCAPSULATING_STRUCTURE_ORGANIZATION,GO:BP,42,1,-0.976,-1.742,1.587,2.3,1.22,0.8149,0.07456,0.1884,1.986e-5,0.4714,FALSE,FALSE,FALSE
GOBP_SPINDLE_LOCALIZATION,GO:BP,15,1,-0.918,1.853,1.497,-1.641,1.265,0.8509,0.03672,0.3467,0.219,0.4738,TRUE,TRUE,TRUE
GOBP_ESTABLISHMENT_OF_CELL_POLARITY,GO:BP,24,1,-0.913,1.864,1.729,-1.298,1.331,0.8587,0.03972,0.1284,0.4869,0.3956,FALSE,FALSE,TRUE
GOBP_NUCLEOSOME_ORGANIZATION,GO:BP,10,1,-0.874,-1.532,0.825,1.933,-0.766,0.8827,0.3296,0.9002,0.01566,0.9435,TRUE,TRUE,TRUE
GOBP_PROTEIN_MODIFICATION_BY_SMALL_PROTEIN_REMOVAL,GO:BP,29,1,-0.885,1.606,-1.163,-2.007,-0.852,0.8947,0.1822,0.6506,0.01157,0.903,TRUE,TRUE,TRUE
GOBP_PROTEIN_STABILIZATION,GO:BP,60,1,-0.882,1.992,1.705,-1.38,1.404,0.9238,0.002241,0.1122,0.3004,0.254,FALSE,FALSE,TRUE
GOBP_REGULATION_OF_AMIDE_METABOLIC_PROCESS,GO:BP,18,1,0.835,1.219,-1.645,-1.914,-1.238,0.931,0.6501,0.2235,0.03898,0.502,TRUE,TRUE,TRUE
GOBP_GLIAL_CELL_MIGRATION,GO:BP,10,1,0.797,-1.493,-1.954,-1.144,-1.256,0.9457,0.375,0.04157,0.6688,0.5029,TRUE,TRUE,TRUE
GOBP_REGULATION_OF_DNA_BIOSYNTHETIC_PROCESS,GO:BP,14,1,0.811,2.168,1.687,-1.839,0.598,0.9458,8.31e-4,0.1884,0.07857,0.9937,FALSE,FALSE,TRUE
GOBP_MICROTUBULE_CYTOSKELETON_ORGANIZATION_INVOLVED_IN_MITOSIS,GO:BP,37,1,-0.821,1.648,0.808,-1.849,0.982,0.9629,0.1045,0.9433,0.04084,0.7767,TRUE,FALSE,TRUE
GOBP_CELL_RECOGNITION,GO:BP,22,1,-0.788,2.145,1.876,-1.146,1.18,0.9664,0.001403,0.06793,0.6537,0.5395,TRUE,TRUE,TRUE
GOBP_ADULT_LOCOMOTORY_BEHAVIOR,GO:BP,13,1,0.76,1.295,-0.989,-2.024,-0.922,0.9716,0.5994,0.8104,0.02208,0.8183,FALSE,TRUE,TRUE
GOBP_SPINDLE_ORGANIZATION,GO:BP,46,1,-0.805,1.794,1.129,-1.712,1.161,0.9737,0.02259,0.6675,0.07446,0.528,FALSE,TRUE,TRUE
GOBP_ADULT_BEHAVIOR,GO:BP,14,1,0.752,1.246,-1,-2.012,-0.91,0.9761,0.6394,0.8101,0.02314,0.8269,FALSE,FALSE,TRUE
GOBP_DNA_BIOSYNTHETIC_PROCESS,GO:BP,18,1,0.75,2.029,1.561,-1.861,0.618,0.9799,0.008474,0.2737,0.06112,0.9937,FALSE,TRUE,TRUE
GOBP_ESTABLISHMENT_OR_MAINTENANCE_OF_CELL_POLARITY,GO:BP,43,1,-0.77,1.547,1.857,-0.75,1.317,0.9922,0.1938,0.0393,0.9888,0.3592,FALSE,FALSE,FALSE
GOBP_MITOCHONDRIAL_ELECTRON_TRANSPORT_UBIQUINOL_TO_CYTOCHROME_C,GO:BP,10,1,-0.686,-1.657,1.573,1.956,1.132,0.9953,0.2075,0.2914,0.01309,0.6175,FALSE,TRUE,TRUE
GOBP_EPIGENETIC_REGULATION_OF_GENE_EXPRESSION,GO:BP,20,1,0.691,-1.971,-1.535,1.469,-0.897,0.9998,0.02107,0.3015,0.3507,0.8387,FALSE,FALSE,TRUE
GOBP_EXTRACELLULAR_MATRIX_DISASSEMBLY,GO:BP,11,1,0.636,0.824,1.914,1.667,1.092,0.9998,0.9221,0.04275,0.1799,0.655,TRUE,TRUE,TRUE
GOBP_HETEROCHROMATIN_FORMATION,GO:BP,11,1,-0.609,-2.099,-1.522,1.547,-0.686,0.9998,0.003806,0.3356,0.2932,0.9797,TRUE,TRUE,TRUE
GOBP_MICROTUBULE_POLYMERIZATION,GO:BP,22,1,-0.707,1.671,-1.349,-1.876,-0.746,0.9998,0.1783,0.4779,0.04094,0.9704,FALSE,FALSE,TRUE
GOBP_NEGATIVE_REGULATION_OF_GENE_EXPRESSION_EPIGENETIC,GO:BP,12,1,0.58,-1.948,-1.645,1.307,-0.824,0.9998,0.03232,0.2498,0.5223,0.9022,FALSE,FALSE,FALSE
GOBP_POSITIVE_REGULATION_OF_CHROMOSOME_ORGANIZATION,GO:BP,21,1,0.55,1.921,1.803,-1.173,1.161,0.9998,0.02087,0.1122,0.621,0.5619,TRUE,TRUE,TRUE
GOBP_POSITIVE_REGULATION_OF_TELOMERE_MAINTENANCE,GO:BP,19,1,0.534,1.966,1.834,-1.329,1.137,0.9998,0.02113,0.1169,0.4741,0.5979,FALSE,FALSE,FALSE
GOBP_PROTEIN_LOCALIZATION_TO_NUCLEUS,GO:BP,72,1,-0.718,1.71,1.302,-1.425,0.978,0.9998,0.03054,0.4402,0.2372,0.7879,TRUE,TRUE,TRUE
GOBP_PROTEIN_REFOLDING,GO:BP,18,1,-0.636,2.062,1.739,-1.372,1.32,0.9998,0.005546,0.1555,0.4393,0.415,TRUE,TRUE,TRUE
GOBP_REGULATION_OF_MICROTUBULE_BASED_PROCESS,GO:BP,45,1,0.573,1.655,-1.206,-1.821,-0.679,0.9998,0.09324,0.5838,0.0229,0.9937,TRUE,TRUE,TRUE
GOBP_REGULATION_OF_MICROTUBULE_POLYMERIZATION,GO:BP,18,1,-0.567,1.554,-1.224,-1.946,-0.789,0.9998,0.2617,0.6033,0.02901,0.9426,TRUE,TRUE,TRUE
GOBP_REGULATION_OF_PROTEIN_LOCALIZATION_TO_NUCLEUS,GO:BP,37,1,0.659,1.902,1.444,-1.774,0.73,0.9998,0.016,0.323,0.07446,0.9862,FALSE,FALSE,TRUE
GOBP_REGULATION_OF_TELOMERE_MAINTENANCE_VIA_TELOMERASE,GO:BP,13,1,0.585,2.224,1.779,-1.716,0.881,0.9998,5.47e-4,0.1284,0.1678,0.851,FALSE,TRUE,TRUE
GOBP_REGULATION_OF_TELOMERE_MAINTENANCE_VIA_TELOMERE_LENGTHENING,GO:BP,15,1,0.61,2.08,1.864,-1.28,0.928,0.9998,0.002797,0.09263,0.5351,0.8183,FALSE,FALSE,FALSE
GOBP_RNA_LOCALIZATION,GO:BP,39,1,-0.632,1.884,1.55,-1.296,0.993,0.9998,0.01924,0.2248,0.473,0.765,TRUE,TRUE,TRUE
GOBP_RNA_TEMPLATED_DNA_BIOSYNTHETIC_PROCESS,GO:BP,16,1,0.652,2.117,1.596,-1.824,0.729,0.9998,0.001585,0.2651,0.07857,0.9704,TRUE,FALSE,FALSE
GOBP_TELOMERE_MAINTENANCE_VIA_TELOMERE_LENGTHENING,GO:BP,18,1,0.644,1.982,1.675,-1.378,0.771,0.9998,0.01274,0.1864,0.4355,0.9474,FALSE,FALSE,TRUE
HALLMARK_OXIDATIVE_PHOSPHORYLATION,Hallmark,155,4,1.968,-2.098,-0.619,2.041,-1.702,1.868e-5,6.608e-7,0.9998,4.531e-6,0.001235,TRUE,TRUE,TRUE
HALLMARK_MYOGENESIS,Hallmark,103,4,-1.855,-1.743,-1.112,1.922,1.635,7.596e-4,0.00721,0.4764,3.73e-4,0.009323,TRUE,TRUE,TRUE
HALLMARK_ADIPOGENESIS,Hallmark,109,3,1.844,-1.343,-1.704,0.634,-1.933,5.181e-4,0.1459,0.006821,0.9954,2.991e-4,TRUE,TRUE,TRUE
HALLMARK_MYC_TARGETS_V1,Hallmark,128,3,-1.305,1.687,1.698,-0.993,1.662,0.1206,0.005234,0.007309,0.7748,0.005124,TRUE,TRUE,TRUE
HALLMARK_FATTY_ACID_METABOLISM,Hallmark,83,2,2.156,-0.598,-1.184,-0.871,-2.115,1.868e-5,0.9982,0.429,0.9804,8.331e-5,TRUE,TRUE,TRUE
HALLMARK_PEROXISOME,Hallmark,38,2,1.949,-0.879,-0.857,0.564,-1.855,0.003143,0.836,0.7971,0.9954,0.009323,TRUE,TRUE,TRUE
HALLMARK_HEME_METABOLISM,Hallmark,48,2,1.744,-1.175,-1.116,0.697,-1.613,0.01229,0.4115,0.4903,0.9954,0.04962,TRUE,TRUE,TRUE
HALLMARK_MITOTIC_SPINDLE,Hallmark,35,2,-1.572,1.861,1.951,-1.463,1.624,0.0843,0.01632,0.006821,0.1895,0.0558,TRUE,TRUE,TRUE
HALLMARK_EPITHELIAL_MESENCHYMAL_TRANSITION,Hallmark,48,2,-1.006,-1.781,-1.124,1.93,1.046,0.6747,0.01632,0.4903,0.002998,0.6489,TRUE,TRUE,TRUE
HALLMARK_UNFOLDED_PROTEIN_RESPONSE,Hallmark,32,2,-0.991,1.89,1.999,-1.061,1.247,0.685,0.008941,0.006821,0.6851,0.3562,TRUE,TRUE,TRUE
HALLMARK_CHOLESTEROL_HOMEOSTASIS,Hallmark,15,1,1.695,-0.785,-1.191,-1.274,-2.027,0.08383,0.8735,0.4764,0.5323,0.006003,TRUE,TRUE,TRUE
HALLMARK_G2M_CHECKPOINT,Hallmark,33,1,1.46,0.906,-1.388,-1.513,-1.682,0.1206,0.8039,0.3148,0.1609,0.03618,TRUE,TRUE,TRUE
HALLMARK_MTORC1_SIGNALING,Hallmark,86,1,-1.213,1.581,1.202,-1.443,1.166,0.3126,0.03682,0.4141,0.129,0.3674,TRUE,TRUE,TRUE
HALLMARK_SPERMATOGENESIS,Hallmark,12,1,0.975,-1.584,-1.834,0.639,-1.268,0.685,0.1378,0.04618,0.9954,0.3674,TRUE,TRUE,TRUE
KEGG_MEDICUS_REFERENCE_TRANSLATION_INITIATION,KEGG,69,4,-2.947,1.376,2.814,2.065,3.134,4.986e-15,0.05963,2.462e-14,1.583e-5,2.9010000000000005e-20,FALSE,FALSE,FALSE
KEGG_MEDICUS_VARIANT_MUTATION_INACTIVATED_VCP_TO_26S_PROTEASOME_MEDIATED_PROTEIN_DEGRADATION,KEGG,35,4,-2.415,2.389,1.09,-2.045,2.229,3.801e-6,1.193e-6,0.4457,3.547e-4,3.491e-5,TRUE,TRUE,TRUE
KEGG_MEDICUS_REFERENCE_26S_PROTEASOME_MEDIATED_PROTEIN_DEGRADATION,KEGG,34,4,-2.368,2.361,1.091,-2.018,2.196,4.329e-6,1.258e-6,0.4457,7.243e-4,7.746e-5,FALSE,FALSE,FALSE
KEGG_MEDICUS_VARIANT_MUTATION_CAUSED_ABERRANT_SOD1_TO_26S_PROTEASOME_MEDIATED_PROTEIN_DEGRADATION,KEGG,35,4,-2.385,2.355,0.933,-2.048,2.146,4.329e-6,1.264e-6,0.7307,3.547e-4,7.746e-5,FALSE,FALSE,FALSE
KEGG_MEDICUS_VARIANT_MUTATION_CAUSED_ABERRANT_SNCA_TO_26S_PROTEASOME_MEDIATED_PROTEIN_DEGRADATION,KEGG,34,4,-2.32,2.343,1.158,-1.985,2.169,9.562e-6,1.516e-6,0.3504,7.944e-4,7.746e-5,FALSE,FALSE,FALSE
KEGG_MEDICUS_VARIANT_MUTATION_CAUSED_ABERRANT_ABETA_TO_26S_PROTEASOME_MEDIATED_PROTEIN_DEGRADATION,KEGG,33,4,-2.308,2.344,1.196,-1.984,2.16,1.136e-5,1.258e-6,0.3153,7.721e-4,7.746e-5,FALSE,FALSE,FALSE
KEGG_MEDICUS_VARIANT_MUTATION_CAUSED_ABERRANT_HTT_TO_26S_PROTEASOME_MEDIATED_PROTEIN_DEGRADATION,KEGG,33,4,-2.308,2.344,1.196,-1.984,2.16,1.136e-5,1.258e-6,0.3153,7.721e-4,7.746e-5,FALSE,FALSE,FALSE
KEGG_MEDICUS_VARIANT_SCRAPIE_CONFORMATION_PRPSC_TO_26S_PROTEASOME_MEDIATED_PROTEIN_DEGRADATION,KEGG,33,4,-2.308,2.344,1.196,-1.984,2.16,1.136e-5,1.258e-6,0.3153,7.721e-4,7.746e-5,FALSE,FALSE,FALSE
KEGG_MEDICUS_VARIANT_MUTATION_INACTIVATED_UBQLN2_TO_26S_PROTEASOME_MEDIATED_PROTEIN_DEGRADATION,KEGG,35,4,-2.286,2.336,0.956,-2.055,2.065,1.281e-5,1.646e-6,0.7193,3.547e-4,1.699e-4,FALSE,FALSE,FALSE
KEGG_MEDICUS_REFERENCE_ELECTRON_TRANSFER_IN_COMPLEX_I,KEGG,41,4,-1.61,-3.256,-0.722,3.073,1.61,0.02493,4.6859999999999985e-22,0.9581,2.484e-19,0.02238,FALSE,FALSE,FALSE
KEGG_MEDICUS_VARIANT_MUTATION_CAUSED_ABERRANT_SNCA_TO_ELECTRON_TRANSFER_IN_COMPLEX_I,KEGG,42,4,-1.608,-3.262,-0.728,3.088,1.606,0.02493,3.49e-22,0.9581,3.282e-19,0.02238,TRUE,TRUE,TRUE
KEGG_MEDICUS_VARIANT_MUTATION_INACTIVATED_PINK1_TO_ELECTRON_TRANSFER_IN_COMPLEX_I,KEGG,41,4,-1.61,-3.256,-0.722,3.073,1.61,0.02493,4.6859999999999985e-22,0.9581,2.484e-19,0.02238,FALSE,FALSE,FALSE
KEGG_MEDICUS_REFERENCE_RAB7_REGULATED_MICROTUBULE_MINUS_END_DIRECTED_TRANSPORT,KEGG,24,4,-1.28,2.426,2.017,-1.792,1.715,0.2401,1.07e-6,0.005206,0.009889,0.01915,TRUE,TRUE,TRUE
KEGG_MEDICUS_REFERENCE_BETA_OXIDATION,KEGG,10,2,2.347,-1.004,-1.691,-1.296,-2.323,1.878e-6,0.517,0.07212,0.2081,4.642e-6,TRUE,TRUE,TRUE
KEGG_MEDICUS_REFERENCE_ISOLEUCINE_DEGRADATION,KEGG,10,2,2.156,-0.634,-1.627,-1.473,-2.137,1.113e-4,0.9127,0.1184,0.1101,1.325e-4,FALSE,FALSE,TRUE
KEGG_MEDICUS_VARIANT_MUTATION_CAUSED_ABERRANT_ABETA_TO_ELECTRON_TRANSFER_IN_COMPLEX_I,KEGG,44,2,-1.476,-3.048,0.626,2.939,1.457,0.06249,1.157e-16,0.9769,5.696e-16,0.07187,FALSE,FALSE,FALSE
KEGG_MEDICUS_VARIANT_MUTATION_CAUSED_ABERRANT_TDP43_TO_ELECTRON_TRANSFER_IN_COMPLEX_I,KEGG,42,2,-1.434,-3.214,-0.728,3.047,1.452,0.08325,3.545e-21,0.9581,4.334e-18,0.07187,FALSE,FALSE,FALSE
KEGG_MEDICUS_VARIANT_MUTATION_CAUSED_ABERRANT_ABETA_TO_ANTEROGRADE_AXONAL_TRANSPORT,KEGG,10,2,-1.106,1.979,1.77,-1.492,1.341,0.463,5.557e-4,0.03337,0.09975,0.168,FALSE,TRUE,TRUE
KEGG_MEDICUS_VARIANT_MUTATION_CAUSED_ABERRANT_SNCA_TO_ANTEROGRADE_AXONAL_TRANSPORT,KEGG,10,2,-1.097,1.915,1.996,-1.046,1.498,0.463,0.001556,0.005206,0.4183,0.09037,FALSE,FALSE,TRUE
KEGG_MEDICUS_REFERENCE_RETROGRADE_AXONAL_TRANSPORT,KEGG,14,2,-1.066,2.162,1.857,-1.395,1.468,0.474,6.774e-5,0.02024,0.1357,0.09037,FALSE,TRUE,TRUE
KEGG_MEDICUS_VARIANT_MUTATION_CAUSED_ABERRANT_HTT_TO_RETROGRADE_AXONAL_TRANSPORT,KEGG,14,2,-1.066,2.162,1.857,-1.395,1.468,0.474,6.774e-5,0.02024,0.1357,0.09037,FALSE,FALSE,FALSE
KEGG_MEDICUS_REFERENCE_ARL8_REGULATED_MICROTUBULE_PLUS_END_DIRECTED_TRANSPORT,KEGG,10,2,-1.041,1.848,1.968,-1.176,1.513,0.4901,0.004573,0.006562,0.2807,0.08714,FALSE,TRUE,TRUE
KEGG_MEDICUS_REFERENCE_ELECTRON_TRANSFER_IN_COMPLEX_IV,KEGG,15,2,-1.018,-2.394,1.32,2.416,1.274,0.4901,1.258e-6,0.2892,1.346e-7,0.202,TRUE,TRUE,TRUE
KEGG_MEDICUS_VARIANT_MUTATION_CAUSED_ABERRANT_ABETA_TO_ELECTRON_TRANSFER_IN_COMPLEX_IV,KEGG,15,2,-1.018,-2.394,1.32,2.416,1.274,0.4901,1.258e-6,0.2892,1.346e-7,0.202,FALSE,FALSE,FALSE
KEGG_MEDICUS_REFERENCE_DYNEIN_RECRUITMENT_TO_THE_KINETOCHORE,KEGG,16,2,-0.842,2.151,1.545,-1.995,1.408,0.7255,8.054e-5,0.1372,0.001498,0.115,FALSE,TRUE,TRUE
KEGG_MEDICUS_ENV_FACTOR_ARSENIC_TO_ELECTRON_TRANSFER_IN_COMPLEX_IV,KEGG,16,2,-0.707,-2.391,0.799,2.323,0.867,0.8917,1.258e-6,0.9143,1.939e-6,0.7044,FALSE,FALSE,FALSE
KEGG_MEDICUS_REFERENCE_MITOCHONDRIAL_COMPLEX_UCP1_IN_THERMOGENESIS,KEGG,50,2,-0.458,-2.734,0.656,2.662,0.531,0.9998,2.357e-11,0.9769,1.834e-11,0.9977,FALSE,TRUE,TRUE
KEGG_MEDICUS_REFERENCE_CITRATE_CYCLE_SECOND_CARBON_OXIDATION_2,KEGG,10,1,1.734,0.698,-0.774,-1.27,-1.558,0.02493,0.8797,0.9143,0.2187,0.07187,TRUE,TRUE,TRUE
KEGG_MEDICUS_REFERENCE_GLYCOLYSIS,KEGG,16,1,-1.732,0.952,1.572,1.195,1.607,0.02493,0.5703,0.1246,0.264,0.05617,TRUE,TRUE,TRUE
KEGG_MEDICUS_REFERENCE_PROMOTION_OF_MICROTUBULE_GROWTH,KEGG,11,1,-1.183,1.614,1.697,-1.267,1.483,0.3868,0.03595,0.059520000000000003,0.2187,0.09037,FALSE,FALSE,TRUE
REACTOME_EUKARYOTIC_TRANSLATION_ELONGATION,Reactome,77,5,-2.985,1.614,2.791,1.874,3.171,1.966e-16,0.01027,3.146e-13,0.001458,1.38e-21,TRUE,TRUE,TRUE
REACTOME_RESPONSE_OF_EIF2AK4_GCN2_TO_AMINO_ACID_DEFICIENCY,Reactome,76,5,-2.939,1.512,2.796,1.882,3.158,1.892e-15,0.02562,6.241e-13,0.001311,1.838e-20,FALSE,FALSE,FALSE
REACTOME_SELENOAMINO_ACID_METABOLISM,Reactome,86,5,-2.854,1.736,2.644,1.525,3.05,1.573e-14,0.002386,8.51e-12,0.02688,7.691e-19,FALSE,FALSE,FALSE
REACTOME_CELLULAR_RESPONSE_TO_STARVATION,Reactome,85,5,-2.788,1.456,2.659,1.641,2.993,1.222e-13,0.03524,8.644e-12,0.008708,1.233e-17,FALSE,FALSE,TRUE
REACTOME_NONSENSE_MEDIATED_DECAY_NMD,Reactome,78,5,-2.786,1.517,2.759,1.845,3.029,2.976e-13,0.02523,6.589e-13,0.001509,1.512e-17,FALSE,FALSE,FALSE
REACTOME_SARS_COV_1_MODULATES_HOST_TRANSLATION_MACHINERY,Reactome,32,5,-2.465,1.55,2.627,1.776,2.681,2.343e-6,0.04433,4.071e-9,0.009237,2.881e-9,FALSE,TRUE,TRUE
REACTOME_REGULATION_OF_EXPRESSION_OF_SLITS_AND_ROBOS,Reactome,110,4,-3.07,1.915,2.58,1.354,3.237,2.939e-20,5.842e-5,8.488e-12,0.08279,2.8010000000000003e-25,FALSE,FALSE,TRUE
REACTOME_EUKARYOTIC_TRANSLATION_INITIATION,Reactome,99,4,-2.992,1.224,2.602,1.863,3.153,8.537e-18,0.1971,1.375e-11,8.91e-4,3.0179999999999996e-22,FALSE,FALSE,TRUE
REACTOME_SIGNALING_BY_ROBO_RECEPTORS,Reactome,124,4,-2.845,1.79,2.369,1.257,3.03,3.941e-17,3.935e-4,4.258e-9,0.1617,3.672e-21,FALSE,TRUE,FALSE
REACTOME_TRANSLATION,Reactome,176,4,-2.68,1.691,2.398,1.135,2.871,3.941e-17,9.004e-4,2.4e-11,0.3183,2.337e-21,FALSE,TRUE,TRUE
REACTOME_SRP_DEPENDENT_COTRANSLATIONAL_PROTEIN_TARGETING_TO_MEMBRANE,Reactome,80,4,-2.932,1.36,2.682,1.911,3.083,4.845e-16,0.08084,8.644e-12,0.001068,6.235e-19,FALSE,FALSE,FALSE
REACTOME_RRNA_PROCESSING,Reactome,77,4,-2.821,0.989,2.74,2.174,3.049,1.222e-13,0.5908,6.589e-13,4.046e-5,7.691e-19,FALSE,TRUE,TRUE
REACTOME_ACTIVATION_OF_THE_MRNA_UPON_BINDING_OF_THE_CAP_BINDING_COMPLEX_AND_EIFS_AND_SUBSEQUENT_BINDING_TO_43S,Reactome,54,4,-2.535,1.289,2.299,1.649,2.7,4.415e-8,0.1768,6.326e-6,0.01372,3.406e-10,TRUE,FALSE,TRUE
REACTOME_THE_ROLE_OF_GTSE1_IN_G2_M_PROGRESSION_AFTER_G2_CHECKPOINT,Reactome,41,4,-2.402,2.417,1.56,-1.955,2.331,2.009e-6,4.466e-6,0.1211,0.002116,8.405e-6,FALSE,FALSE,TRUE
REACTOME_SARS_COV_2_MODULATES_HOST_TRANSLATION_MACHINERY,Reactome,32,4,-2.471,1.507,2.671,1.902,2.736,2.32e-6,0.05806,9.764e-10,0.00374,4.748e-10,FALSE,FALSE,TRUE
REACTOME_ABC_TRANSPORTER_DISORDERS,Reactome,34,4,-2.406,2.201,0.97,-1.924,2.218,4.171e-6,5.136e-5,0.6882,0.002858,1.122e-4,FALSE,FALSE,TRUE
REACTOME_DEFECTIVE_CFTR_CAUSES_CYSTIC_FIBROSIS,Reactome,34,4,-2.406,2.201,0.97,-1.924,2.218,4.171e-6,5.136e-5,0.6882,0.002858,1.122e-4,FALSE,FALSE,FALSE
REACTOME_HH_MUTANTS_ABROGATE_LIGAND_SECRETION,Reactome,33,4,-2.374,2.341,1.031,-2.016,2.244,4.171e-6,9.078e-6,0.6328,0.001509,1.122e-4,FALSE,FALSE,FALSE
REACTOME_CIRCADIAN_CLOCK,Reactome,43,4,-2.349,2.072,1.05,-1.734,2.128,5.309e-6,1.72e-4,0.6303,0.008184,1.252e-4,FALSE,TRUE,TRUE
REACTOME_ABC_FAMILY_PROTEINS_MEDIATED_TRANSPORT,Reactome,38,4,-2.367,2.237,1.068,-1.942,2.293,5.899e-6,2.728e-5,0.5945,0.001638,4.101e-5,FALSE,TRUE,TRUE
REACTOME_APC_C_CDH1_MEDIATED_DEGRADATION_OF_CDC20_AND_OTHER_APC_C_CDH1_TARGETED_PROTEINS_IN_LATE_MITOSIS_EARLY_G1,Reactome,33,4,-2.338,2.244,0.769,-2.026,2.107,5.899e-6,3.417e-5,0.912,0.001458,3.207e-4,FALSE,FALSE,TRUE
REACTOME_CDK_MEDIATED_PHOSPHORYLATION_AND_REMOVAL_OF_CDC6,Reactome,33,4,-2.338,2.244,0.769,-2.026,2.107,5.899e-6,3.417e-5,0.912,0.001458,3.207e-4,FALSE,FALSE,FALSE
REACTOME_HEDGEHOG_LIGAND_BIOGENESIS,Reactome,34,4,-2.377,2.363,1.03,-2.049,2.257,5.899e-6,9.078e-6,0.6328,0.001458,5.924e-5,FALSE,FALSE,TRUE
REACTOME_UBIQUITIN_DEPENDENT_DEGRADATION_OF_CYCLIN_D,Reactome,33,4,-2.34,2.337,1.136,-1.888,2.186,5.899e-6,9.078e-6,0.5254,0.003132,1.409e-4,FALSE,FALSE,FALSE
REACTOME_UCH_PROTEINASES,Reactome,38,4,-2.369,2.239,1.23,-1.808,2.329,5.899e-6,2.728e-5,0.4128,0.006085,2.255e-5,FALSE,TRUE,TRUE
REACTOME_PCP_CE_PATHWAY,Reactome,40,4,-2.294,2.412,1.185,-2.132,2.117,8.568e-6,4.466e-6,0.4615,7.12e-4,4.684e-4,FALSE,TRUE,TRUE
REACTOME_DEGRADATION_OF_DVL,Reactome,33,4,-2.279,2.342,0.985,-2.026,2.145,1.387e-5,9.078e-6,0.6796,0.001458,2.213e-4,FALSE,FALSE,FALSE
REACTOME_HEDGEHOG_ON_STATE,Reactome,33,4,-2.279,2.342,0.985,-2.026,2.145,1.387e-5,9.078e-6,0.6796,0.001458,2.213e-4,FALSE,TRUE,TRUE
REACTOME_METABOLISM_OF_AMINO_ACIDS_AND_DERIVATIVES,Reactome,179,4,-1.912,1.453,1.768,0.92,2.136,1.387e-5,0.01475,4.7e-4,0.7785,7.056e-8,TRUE,TRUE,TRUE
REACTOME_REGULATION_OF_PTEN_STABILITY_AND_ACTIVITY,Reactome,37,4,-2.319,2.357,1.11,-1.93,2.222,1.387e-5,9.078e-6,0.5502,0.002329,7.317e-5,FALSE,FALSE,TRUE
REACTOME_BETA_CATENIN_INDEPENDENT_WNT_SIGNALING,Reactome,50,4,-2.242,2.039,0.838,-1.965,1.988,1.445e-5,1.93e-4,0.8719,0.001674,2.594e-4,TRUE,FALSE,TRUE
REACTOME_ASYMMETRIC_LOCALIZATION_OF_PCP_PROTEINS,Reactome,32,4,-2.333,2.32,1.032,-1.992,2.214,1.529e-5,1.111e-5,0.6328,0.00214,1.252e-4,FALSE,FALSE,TRUE
REACTOME_DEGRADATION_OF_AXIN,Reactome,32,4,-2.333,2.32,1.032,-1.992,2.214,1.529e-5,1.111e-5,0.6328,0.00214,1.252e-4,FALSE,FALSE,FALSE
REACTOME_G1_S_DNA_DAMAGE_CHECKPOINTS,Reactome,32,4,-2.333,2.32,1.032,-1.992,2.214,1.529e-5,1.111e-5,0.6328,0.00214,1.252e-4,FALSE,FALSE,TRUE
REACTOME_REGULATION_OF_RUNX3_EXPRESSION_AND_ACTIVITY,Reactome,32,4,-2.333,2.32,1.032,-1.992,2.214,1.529e-5,1.111e-5,0.6328,0.00214,1.252e-4,FALSE,FALSE,FALSE
REACTOME_RUNX1_REGULATES_TRANSCRIPTION_OF_GENES_INVOLVED_IN_DIFFERENTIATION_OF_HSCS,Reactome,34,4,-2.32,2.025,0.992,-1.661,2.194,1.529e-5,8.925e-4,0.6757,0.02146,1.252e-4,FALSE,TRUE,TRUE
REACTOME_STABILIZATION_OF_P53,Reactome,32,4,-2.333,2.32,1.032,-1.992,2.214,1.529e-5,1.111e-5,0.6328,0.00214,1.252e-4,FALSE,FALSE,FALSE
REACTOME_TRANSCRIPTIONAL_REGULATION_BY_RUNX3,Reactome,32,4,-2.333,2.32,1.032,-1.992,2.214,1.529e-5,1.111e-5,0.6328,0.00214,1.252e-4,FALSE,TRUE,TRUE
REACTOME_VIF_MEDIATED_DEGRADATION_OF_APOBEC3G,Reactome,35,4,-2.281,2.232,0.992,-1.838,2.198,1.537e-5,3.792e-5,0.6757,0.00615,8.667e-5,FALSE,FALSE,FALSE
REACTOME_TRANSCRIPTIONAL_REGULATION_BY_RUNX2,Reactome,41,4,-2.243,2.106,1.332,-1.599,2.135,1.67e-5,1.521e-4,0.2955,0.03049,1.409e-4,FALSE,TRUE,TRUE
REACTOME_CELLULAR_RESPONSE_TO_HYPOXIA,Reactome,38,4,-2.294,2.087,0.724,-1.86,2.154,1.801e-5,2.598e-4,0.9541,0.003592,1.962e-4,FALSE,FALSE,TRUE
REACTOME_REGULATION_OF_RUNX2_EXPRESSION_AND_ACTIVITY,Reactome,36,4,-2.26,2.38,1.022,-1.983,2.024,2.018e-5,9.078e-6,0.6398,0.001458,5.359e-4,FALSE,FALSE,TRUE
REACTOME_FORMATION_OF_PARAXIAL_MESODERM,Reactome,31,4,-2.272,2.301,1.138,-1.952,2.179,2.17e-5,9.078e-6,0.5254,0.001638,1.806e-4,FALSE,TRUE,TRUE
REACTOME_GASTRULATION,Reactome,31,4,-2.272,2.301,1.138,-1.952,2.179,2.17e-5,9.078e-6,0.5254,0.001638,1.806e-4,TRUE,TRUE,TRUE
REACTOME_REGULATION_OF_ORNITHINE_DECARBOXYLASE_ODC,Reactome,31,4,-2.272,2.301,1.138,-1.952,2.179,2.17e-5,9.078e-6,0.5254,0.001638,1.806e-4,FALSE,FALSE,TRUE
REACTOME_SOMITOGENESIS,Reactome,31,4,-2.272,2.301,1.138,-1.952,2.179,2.17e-5,9.078e-6,0.5254,0.001638,1.806e-4,FALSE,FALSE,FALSE
REACTOME_CROSS_PRESENTATION_OF_SOLUBLE_EXOGENOUS_ANTIGENS_ENDOSOMES,Reactome,33,4,-2.217,2.351,1.368,-2.043,2.22,2.697e-5,9.078e-6,0.2813,0.001458,1.252e-4,FALSE,FALSE,TRUE
REACTOME_DOWNSTREAM_TCR_SIGNALING,Reactome,40,4,-2.2,2.011,-0.725,-1.972,1.965,3.236e-5,4.943e-4,0.9555,0.001509,0.002601,FALSE,TRUE,TRUE
REACTOME_ACTIVATION_OF_APC_C_AND_APC_C_CDC20_MEDIATED_DEGRADATION_OF_MITOTIC_PROTEINS,Reactome,34,4,-2.261,2.219,0.715,-2.056,2.002,3.284e-5,3.788e-5,0.9517,0.001458,8.978e-4,FALSE,FALSE,FALSE
REACTOME_DEGRADATION_OF_CRY_AND_PER_PROTEINS,Reactome,35,4,-2.223,2.266,0.731,-2.06,1.994,3.511e-5,2.376e-5,0.9453,0.001381,7.156e-4,FALSE,FALSE,TRUE
REACTOME_METABOLISM_OF_POLYAMINES,Reactome,33,4,-2.187,2.286,1.096,-1.939,2.107,4.361e-5,1.634e-5,0.5635,0.002116,3.207e-4,FALSE,FALSE,FALSE
REACTOME_DECTIN_1_MEDIATED_NONCANONICAL_NF_KB_SIGNALING,Reactome,35,4,-2.2,2.237,0.847,-2.026,2.08,4.652e-5,3.469e-5,0.8549,0.001509,2.551e-4,FALSE,FALSE,FALSE
REACTOME_TNFR2_NON_CANONICAL_NF_KB_PATHWAY,Reactome,35,4,-2.2,2.237,0.847,-2.026,2.08,4.652e-5,3.469e-5,0.8549,0.001509,2.551e-4,FALSE,TRUE,TRUE
REACTOME_REGULATION_OF_APOPTOSIS,Reactome,34,4,-2.245,2.364,1.1,-2.014,2.194,4.716e-5,9.078e-6,0.563,0.001509,1.252e-4,FALSE,FALSE,FALSE
REACTOME_DNA_REPLICATION,Reactome,45,4,-2.176,1.802,0.918,-1.523,1.904,5.173e-5,0.002981,0.7607,0.04426,0.001993,TRUE,TRUE,TRUE
REACTOME_KEAP1_NFE2L2_PATHWAY,Reactome,58,4,-2.095,1.885,0.733,-1.748,1.843,5.173e-5,5.525e-4,0.9555,0.005931,0.001993,FALSE,TRUE,TRUE
REACTOME_DISORDERS_OF_TRANSMEMBRANE_TRANSPORTERS,Reactome,41,4,-2.155,2.027,1.226,-1.596,1.941,5.526e-5,4.959e-4,0.4099,0.03132,0.001183,TRUE,TRUE,TRUE
REACTOME_SWITCHING_OF_ORIGINS_TO_A_POST_REPLICATIVE_STATE,Reactome,36,4,-2.189,2.26,0.722,-2.065,1.967,5.526e-5,2.533e-5,0.9517,0.001068,0.001091,FALSE,TRUE,FALSE
REACTOME_DEGRADATION_OF_GLI1_BY_THE_PROTEASOME,Reactome,35,4,-2.185,2.362,0.973,-1.989,2.085,5.743e-5,9.078e-6,0.6882,0.001645,2.517e-4,FALSE,FALSE,FALSE
REACTOME_ORC1_REMOVAL_FROM_CHROMATIN,Reactome,35,4,-2.184,2.335,0.968,-2.024,2.065,5.747e-5,1.071e-5,0.6882,0.001509,3.037e-4,FALSE,FALSE,TRUE
REACTOME_ACTIVATION_OF_NF_KAPPAB_IN_B_CELLS,Reactome,34,4,-2.223,2.343,0.98,-2.018,2.092,5.918e-5,9.078e-6,0.6796,0.001509,3.407e-4,FALSE,FALSE,TRUE
REACTOME_CLEC7A_DECTIN_1_SIGNALING,Reactome,44,4,-2.157,1.817,-0.734,-1.91,1.942,5.918e-5,0.00516,0.9555,0.00238,0.001183,FALSE,TRUE,TRUE
REACTOME_CYCLIN_A_CDK2_ASSOCIATED_EVENTS_AT_S_PHASE_ENTRY,Reactome,35,4,-2.173,2.337,1.126,-1.875,2.127,5.918e-5,1.064e-5,0.5276,0.004358,1.642e-4,FALSE,TRUE,TRUE
REACTOME_FBXL7_DOWN_REGULATES_AURKA_DURING_MITOTIC_ENTRY_AND_IN_EARLY_MITOSIS,Reactome,34,4,-2.223,2.343,0.98,-2.018,2.092,5.918e-5,9.078e-6,0.6796,0.001509,3.407e-4,FALSE,FALSE,FALSE
REACTOME_PROTEASOME_ASSEMBLY,Reactome,38,4,-2.199,2.323,1.328,-2.033,2.152,5.918e-5,9.078e-6,0.2955,0.001381,1.993e-4,FALSE,FALSE,TRUE
REACTOME_SCF_BETA_TRCP_MEDIATED_DEGRADATION_OF_EMI1,Reactome,34,4,-2.223,2.343,0.98,-2.018,2.092,5.918e-5,9.078e-6,0.6796,0.001509,3.407e-4,FALSE,FALSE,FALSE
REACTOME_SCF_SKP2_MEDIATED_DEGRADATION_OF_P27_P21,Reactome,34,4,-2.223,2.343,0.98,-2.018,2.092,5.918e-5,9.078e-6,0.6796,0.001509,3.407e-4,FALSE,FALSE,TRUE
REACTOME_STRIATED_MUSCLE_CONTRACTION,Reactome,28,4,-2.3,-1.912,1.392,2.385,2.229,5.918e-5,0.002514,0.2679,3.465e-5,1.252e-4,FALSE,FALSE,FALSE
REACTOME_TCR_SIGNALING,Reactome,43,4,-2.154,2.065,-0.68,-2.028,1.907,5.918e-5,1.862e-4,0.9698,0.001381,0.001273,FALSE,FALSE,FALSE
REACTOME_TRANSCRIPTIONAL_REGULATION_BY_RUNX1,Reactome,42,4,-2.194,2.078,1.074,-1.672,2.096,6.072e-5,1.93e-4,0.5843,0.01744,2.345e-4,FALSE,FALSE,TRUE
REACTOME_AUF1_HNRNP_D0_BINDS_AND_DESTABILIZES_MRNA,Reactome,38,4,-2.19,2.23,0.864,-2.071,2.171,6.724e-5,2.866e-5,0.8449,0.001068,0.00017340000000000001,FALSE,FALSE,FALSE
REACTOME_NUCLEAR_EVENTS_MEDIATED_BY_NFE2L2,Reactome,49,4,-2.077,1.784,-0.691,-1.731,1.767,7.38e-5,0.005297,0.9698,0.008833,0.00575399999999999,FALSE,FALSE,FALSE
REACTOME_APC_C_MEDIATED_DEGRADATION_OF_CELL_CYCLE_PROTEINS,Reactome,36,4,-2.152,2.24,0.678,-2.089,1.889,8.176e-5,3.359e-5,0.9693,8.91e-4,0.002481,FALSE,FALSE,FALSE
REACTOME_SIGNALING_BY_HEDGEHOG,Reactome,47,4,-2.119,2.295,1.152,-2.067,2.024,9.464e-5,9.078e-6,0.484,7.869e-4,2.517e-4,TRUE,FALSE,TRUE
REACTOME_HEDGEHOG_OFF_STATE,Reactome,44,4,-2.115,2.237,1.186,-1.972,2.04,1.098e-4,2.183e-5,0.4595,0.001509,4.469e-4,FALSE,TRUE,FALSE
REACTOME_MUSCLE_CONTRACTION,Reactome,72,4,-1.977,0.907,1.64,1.606,1.997,1.129e-4,0.7394,0.04685,0.01428,2.098e-4,TRUE,TRUE,TRUE
REACTOME_REGULATION_OF_RAS_BY_GAPS,Reactome,35,4,-2.114,2.274,0.912,-2,1.969,1.225e-4,2.183e-5,0.7607,0.00162,8.855e-4,FALSE,FALSE,TRUE
REACTOME_FC_EPSILON_RECEPTOR_FCERI_SIGNALING,Reactome,56,4,-2.045,1.855,0.943,-1.633,1.888,1.695e-4,0.001629,0.722,0.01422,0.001183,FALSE,FALSE,FALSE
REACTOME_C_TYPE_LECTIN_RECEPTORS_CLRS,Reactome,47,4,-2.075,1.906,-0.688,-1.96,1.892,1.774e-4,0.001628,0.9698,0.001509,0.001064,FALSE,FALSE,TRUE
REACTOME_PTEN_REGULATION,Reactome,43,4,-2.069,2.173,1.184,-1.728,2.043,1.887e-4,3.417e-5,0.46,0.008204,2.588e-4,TRUE,TRUE,TRUE
REACTOME_FCERI_MEDIATED_NF_KB_ACTIVATION,Reactome,43,4,-2.065,2.173,0.777,-1.976,1.938,1.949e-4,3.417e-5,0.9173,0.001509,9.489e-4,TRUE,TRUE,TRUE
REACTOME_INTERLEUKIN_1_SIGNALING,Reactome,44,4,-2.07,1.819,0.68,-1.53,1.881,2.009e-4,0.00516,0.9698,0.04272,0.00221,FALSE,TRUE,TRUE
REACTOME_DOWNSTREAM_SIGNALING_EVENTS_OF_B_CELL_RECEPTOR_BCR,Reactome,40,4,-2.064,2.092,0.811,-1.915,1.895,2.238e-4,1.797e-4,0.8972,0.002116,0.004662,FALSE,FALSE,FALSE
REACTOME_SEPARATION_OF_SISTER_CHROMATIDS,Reactome,59,4,-1.993,2.238,0.946,-2.118,1.898,2.281e-4,9.078e-6,0.722,2.423e-4,8.352e-4,TRUE,TRUE,TRUE
REACTOME_SYNTHESIS_OF_DNA,Reactome,39,4,-2.111,1.865,0.639,-1.651,1.852,2.29e-4,0.003816,0.9808,0.01972,0.002756,FALSE,FALSE,TRUE
REACTOME_NEGATIVE_REGULATION_OF_NOTCH4_SIGNALING,Reactome,35,4,-2.047,2.364,0.941,-2.067,1.916,3.213e-4,9.078e-6,0.7205,0.001381,0.001452,FALSE,FALSE,FALSE
REACTOME_SIGNALING_BY_NOTCH4,Reactome,35,4,-2.047,2.364,0.941,-2.067,1.916,3.213e-4,9.078e-6,0.7205,0.001381,0.001452,FALSE,TRUE,TRUE
REACTOME_DEGRADATION_OF_BETA_CATENIN_BY_THE_DESTRUCTION_COMPLEX,Reactome,39,4,-2.058,2.217,1.033,-1.737,1.971,5.122e-4,4.439e-5,0.6328,0.01114,8.846e-4,FALSE,TRUE,TRUE
REACTOME_MAPK6_MAPK4_SIGNALING,Reactome,41,4,-1.946,2.332,1.037,-2.031,1.895,6.569e-4,9.078e-6,0.6328,0.001458,0.001876,FALSE,TRUE,TRUE
REACTOME_REGULATION_OF_MRNA_STABILITY_BY_PROTEINS_THAT_BIND_AU_RICH_ELEMENTS,Reactome,46,4,-1.926,2.16,0.889,-1.861,1.952,6.977e-4,3.999e-5,0.808,0.003841,0.001091,FALSE,TRUE,TRUE
REACTOME_METABOLISM_OF_VITAMINS_AND_COFACTORS,Reactome,49,4,1.908,0.734,-1.868,-1.502,-2.089,7.123e-4,0.9422,0.007631,0.04664,2.204e-4,TRUE,TRUE,TRUE
REACTOME_MITOTIC_G1_PHASE_AND_G1_S_TRANSITION,Reactome,43,4,-1.932,2.011,0.973,-1.568,1.85,0.001121,4.083e-4,0.6882,0.03049,0.001993,FALSE,FALSE,TRUE
REACTOME_NEDDYLATION,Reactome,71,4,-1.902,1.837,-0.962,-1.99,1.539,0.001121,8.375e-4,0.7133,5.291e-4,0.04069,TRUE,TRUE,TRUE
REACTOME_SIGNALING_BY_WNT,Reactome,70,4,-1.833,1.777,0.857,-1.534,1.629,0.001386,0.001599,0.8673,0.03114,0.01743,FALSE,TRUE,TRUE
REACTOME_MITOTIC_METAPHASE_AND_ANAPHASE,Reactome,74,4,-1.785,1.863,0.881,-1.746,1.634,0.001813,9.006e-4,0.8492,0.005073,0.01627,FALSE,FALSE,FALSE
REACTOME_ANTIGEN_PROCESSING_CROSS_PRESENTATION,Reactome,49,4,-1.807,2.017,0.995,-1.866,1.736,0.001879,4.083e-4,0.6757,0.003295,0.008671,FALSE,TRUE,TRUE
REACTOME_SARS_COV_1_HOST_INTERACTIONS,Reactome,52,4,-1.824,1.646,2.302,1.183,2.243,0.001894,0.01518,6.326e-6,0.3183,2.61e-5,TRUE,TRUE,TRUE
REACTOME_SIGNALING_BY_THE_B_CELL_RECEPTOR_BCR,Reactome,48,4,-1.853,2.128,1.233,-1.7,1.778,0.002302,1.156e-4,0.4021,0.01117,0.004266,FALSE,FALSE,TRUE
REACTOME_MITOTIC_G2_G2_M_PHASES,Reactome,64,4,-1.762,2.625,1.665,-2.2,1.835,0.003827,2.409e-9,0.05172,4.046e-5,0.00283,TRUE,TRUE,TRUE
REACTOME_SIGNALING_BY_NOTCH,Reactome,44,4,-1.826,2.044,0.72,-1.827,1.71,0.004014,4.513e-4,0.9555,0.005154,0.01777,TRUE,TRUE,TRUE
REACTOME_M_PHASE,Reactome,100,4,-1.69,1.851,1.123,-1.608,1.616,0.004473,3.342e-4,0.484,0.006412,0.01481,FALSE,TRUE,TRUE
REACTOME_METABOLISM_OF_WATER_SOLUBLE_VITAMINS_AND_COFACTORS,Reactome,28,4,1.901,0.747,-1.793,-1.584,-1.849,0.005719,0.9074,0.03713,0.04664,0.01103,FALSE,FALSE,TRUE
REACTOME_NEUROTRANSMITTER_RECEPTORS_AND_POSTSYNAPTIC_SIGNAL_TRANSMISSION,Reactome,33,4,-1.773,1.995,1.804,-1.191,1.768,0.01435,0.001094,0.01892,0.3254,0.01547,FALSE,TRUE,TRUE
REACTOME_COMPLEX_I_BIOGENESIS,Reactome,49,4,-1.659,-3.082,0.91,3.086,1.672,0.02393,9.626e-16,0.7811,8.268e-18,0.01807,FALSE,FALSE,TRUE
REACTOME_ACTIVATION_OF_NMDA_RECEPTORS_AND_POSTSYNAPTIC_EVENTS,Reactome,24,4,-1.7,1.945,1.917,-1.097,1.948,0.02577,0.002981,0.01025,0.471,9.489e-4,TRUE,TRUE,TRUE
REACTOME_ASSEMBLY_AND_CELL_SURFACE_PRESENTATION_OF_NMDA_RECEPTORS,Reactome,11,4,-1.743,1.706,2.028,0.678,1.828,0.0321,0.02682,0.002024,0.9236,0.015,FALSE,TRUE,TRUE
REACTOME_SARS_COV_2_HOST_INTERACTIONS,Reactome,61,4,-1.584,1.48,2.347,1.402,2.203,0.0321,0.0425,3.289e-7,0.08895,5.914e-5,TRUE,TRUE,TRUE
REACTOME_APOPTOSIS,Reactome,69,4,-1.53,1.839,0.997,-1.668,1.563,0.04417,8.375e-4,0.6757,0.00817,0.03431,TRUE,TRUE,TRUE
REACTOME_FORMATION_OF_TUBULIN_FOLDING_INTERMEDIATES_BY_CCT_TRIC,Reactome,14,4,-1.113,2.401,2.308,-1.772,1.71,0.514,5.354e-6,3.049e-5,0.02139,0.0462,TRUE,TRUE,TRUE
REACTOME_DNA_REPLICATION_PRE_INITIATION,Reactome,42,3,-2.28,1.738,0.883,-1.45,2.006,1.858e-5,0.01035,0.8088,0.08214,6.583e-4,FALSE,FALSE,FALSE
REACTOME_S_PHASE,Reactome,41,3,-2.081,1.868,0.883,-1.485,1.864,1.381e-4,0.002969,0.808,0.07088,0.002623,FALSE,FALSE,FALSE
REACTOME_INTERLEUKIN_1_FAMILY_SIGNALING,Reactome,48,3,-1.992,1.684,0.618,-1.343,1.803,5.704e-4,0.01466,0.9843,0.1468,0.003462,TRUE,FALSE,FALSE
REACTOME_TCF_DEPENDENT_SIGNALING_IN_RESPONSE_TO_WNT,Reactome,46,3,-1.904,1.917,1.08,-1.423,1.892,9.747e-4,0.001367,0.5671,0.08981,0.001993,FALSE,FALSE,TRUE
REACTOME_INTRACELLULAR_SIGNALING_BY_SECOND_MESSENGERS,Reactome,63,3,-1.839,2.082,1.422,-1.417,1.844,0.001386,3.788e-5,0.1611,0.07259,0.001452,FALSE,TRUE,TRUE
REACTOME_MAPK1_MAPK3_SIGNALING,Reactome,74,3,-1.686,1.865,1.418,-1.194,1.753,0.006304,9.004e-4,0.1506,0.264,0.002807,TRUE,TRUE,TRUE
REACTOME_G2_M_CHECKPOINTS,Reactome,47,3,-1.696,1.74,0.474,-1.569,1.566,0.01499,0.009479,0.9998,0.02453,0.0544,FALSE,TRUE,TRUE
REACTOME_UB_SPECIFIC_PROCESSING_PROTEASES,Reactome,51,3,-1.65,1.78,-0.825,-1.802,1.478,0.02337,0.002981,0.9055,0.004738,0.09332,FALSE,FALSE,FALSE
REACTOME_MITOCHONDRIAL_CALCIUM_ION_TRANSPORT,Reactome,13,3,1.755,-1.653,0.563,1.863,-1.294,0.03269,0.03826,0.9815,0.007931,0.3146,TRUE,TRUE,TRUE
REACTOME_FORMATION_OF_THE_DYSTROPHIN_GLYCOPROTEIN_COMPLEX_DGC,Reactome,18,3,-1.652,-2.142,-2.02,1.518,0.864,0.04429,4.039e-4,0.0102,0.09515,0.8051,FALSE,TRUE,TRUE
REACTOME_DEUBIQUITINATION,Reactome,66,3,-1.537,1.729,-1.136,-1.848,1.31,0.04692,0.00516,0.4727,0.00162,0.1985,TRUE,TRUE,TRUE
REACTOME_NON_INTEGRIN_MEMBRANE_ECM_INTERACTIONS,Reactome,27,3,-1.606,-2.403,-2.042,2.033,1.068,0.05261,9.29e-6,0.004883,0.001509,0.5541,TRUE,TRUE,TRUE
REACTOME_ACTIVATION_OF_AMPK_DOWNSTREAM_OF_NMDARS,Reactome,12,3,-1.473,2.006,1.82,-1.734,1.634,0.1757,0.002969,0.03827,0.02862,0.07074,FALSE,TRUE,TRUE
REACTOME_RHO_GTPASE_EFFECTORS,Reactome,74,3,0.975,1.904,1.661,-1.616,0.709,0.6985,5.681e-4,0.04275,0.01576,0.9822,TRUE,TRUE,TRUE
REACTOME_CILIUM_ASSEMBLY,Reactome,35,3,-0.893,2.269,2.243,-1.874,1.525,0.8201,2.268e-5,4.401e-5,0.004524,0.08464,TRUE,TRUE,TRUE
REACTOME_MHC_CLASS_II_ANTIGEN_PRESENTATION,Reactome,44,3,-0.899,2.421,1.889,-1.769,1.324,0.8201,2.579e-6,0.006306,0.00849,0.2111,TRUE,TRUE,TRUE
REACTOME_RECRUITMENT_OF_NUMA_TO_MITOTIC_CENTROSOMES,Reactome,22,3,-0.881,2.108,1.947,-1.914,1.358,0.8201,3.783e-4,0.0102,0.004836,0.2322,FALSE,TRUE,TRUE
REACTOME_ORGANELLE_BIOGENESIS_AND_MAINTENANCE,Reactome,77,3,0.83,1.887,1.768,-1.644,0.99,0.9224,8.123e-4,0.01025,0.01165,0.661,FALSE,FALSE,TRUE
REACTOME_FATTY_ACID_METABOLISM,Reactome,53,2,2.433,-0.896,-1.353,-1.08,-2.424,7.87e-7,0.749,0.2353,0.474,1.449e-6,FALSE,TRUE,TRUE
REACTOME_MITOCHONDRIAL_FATTY_ACID_BETA_OXIDATION,Reactome,22,2,2.435,-1.249,-1.475,0.56,-2.407,5.899e-6,0.2637,0.1886,0.9907,8.463e-6,TRUE,TRUE,TRUE
REACTOME_MITOCHONDRIAL_PROTEIN_DEGRADATION,Reactome,76,2,2.018,-1.303,1.122,1.792,-1.42,7.583e-5,0.1254,0.5003,0.001769,0.08464,TRUE,TRUE,TRUE
REACTOME_CITRIC_ACID_CYCLE_TCA_CYCLE,Reactome,24,2,2.151,0.95,1.398,-0.793,-1.855,1.767e-4,0.6397,0.2661,0.8724,0.01363,TRUE,TRUE,TRUE
REACTOME_BRANCHED_CHAIN_AMINO_ACID_CATABOLISM,Reactome,16,2,2.138,-1.002,-1.218,0.456,-2.091,4.047e-4,0.5693,0.4615,0.9972,9.392e-4,FALSE,FALSE,FALSE
REACTOME_PROTEIN_LOCALIZATION,Reactome,75,2,1.779,-1.117,0.829,1.314,-1.603,0.002811,0.3491,0.9055,0.1501,0.01838,TRUE,TRUE,TRUE
REACTOME_MITOCHONDRIAL_PROTEIN_IMPORT,Reactome,43,2,1.88,-1.244,1.341,1.797,-1.548,0.003142,0.2215,0.2838,0.005836,0.05787,FALSE,TRUE,TRUE
REACTOME_CELLULAR_RESPONSE_TO_CHEMICAL_STRESS,Reactome,97,2,-1.686,1.007,0.813,1.122,1.475,0.00316,0.5584,0.9246,0.3731,0.04845,TRUE,FALSE,TRUE
REACTOME_MATURATION_OF_TCA_ENZYMES_AND_REGULATION_OF_TCA_CYCLE,Reactome,11,2,1.941,-0.749,-1.344,-0.795,-1.877,0.006147,0.873,0.3642,0.8285,0.007503,FALSE,FALSE,TRUE
REACTOME_GLYCOGEN_METABOLISM,Reactome,17,2,-1.788,1.491,1.676,-0.993,1.731,0.01312,0.09338,0.1122,0.6229,0.04069,TRUE,TRUE,TRUE
REACTOME_PHASE_I_FUNCTIONALIZATION_OF_COMPOUNDS,Reactome,20,2,1.761,-1.195,-1.648,-1.052,-1.793,0.02774,0.3217,0.1211,0.5217,0.01743,TRUE,TRUE,TRUE
REACTOME_PEPTIDE_HORMONE_METABOLISM,Reactome,10,2,1.719,0.744,-1.354,-1.105,-1.883,0.0387,0.873,0.3492,0.4869,0.01449,TRUE,TRUE,TRUE
REACTOME_ANTIGEN_PROCESSING_UBIQUITINATION_PROTEASOME_DEGRADATION,Reactome,70,2,-1.51,1.427,-1.306,-1.824,1.131,0.04692,0.05656,0.2441,0.00162,0.428,FALSE,FALSE,FALSE
REACTOME_MAPK_FAMILY_SIGNALING_CASCADES,Reactome,83,2,-1.477,1.959,1.402,-1.293,1.603,0.05261,1.069e-4,0.1524,0.1471,0.01902,FALSE,FALSE,FALSE
REACTOME_CELL_CYCLE_CHECKPOINTS,Reactome,68,2,-1.487,1.828,-0.851,-1.883,1.35,0.06003,0.001065,0.8904,0.001509,0.1551,FALSE,FALSE,TRUE
REACTOME_GAP_JUNCTION_TRAFFICKING_AND_REGULATION,Reactome,12,2,-1.621,1.881,1.736,-1.359,1.698,0.07677,0.01151,0.09161,0.2062,0.0462,FALSE,TRUE,TRUE
REACTOME_PROGRAMMED_CELL_DEATH,Reactome,81,2,-1.417,1.877,0.947,-1.661,1.379,0.09047,6.686e-4,0.7328,0.006652,0.1153,FALSE,FALSE,FALSE
REACTOME_APOPTOTIC_CLEAVAGE_OF_CELLULAR_PROTEINS,Reactome,11,2,-1.525,1.664,1.11,-1.562,1.713,0.1384,0.03367,0.5659,0.08981,0.04337,TRUE,TRUE,TRUE
REACTOME_NCAM_SIGNALING_FOR_NEURITE_OUT_GROWTH,Reactome,15,2,-1.512,-1.665,1.076,2.081,1.56,0.1384,0.03292,0.6108,0.001458,0.10780000000000001,TRUE,TRUE,TRUE
REACTOME_AGGREPHAGY,Reactome,19,2,-1.448,1.868,1.107,-1.864,1.55,0.168,0.00498,0.5651,0.008204,0.1061,FALSE,TRUE,TRUE
REACTOME_ASSEMBLY_OF_COLLAGEN_FIBRILS_AND_OTHER_MULTIMERIC_STRUCTURES,Reactome,15,2,-1.437,-1.851,0.93,2.004,1.373,0.1944,0.01264,0.722,0.002035,0.2518,FALSE,TRUE,TRUE
REACTOME_CELLULAR_RESPONSE_TO_HEAT_STRESS,Reactome,35,2,-1.367,1.696,1.837,-0.632,1.613,0.2052,0.01441,0.01487,0.9811,0.05413,TRUE,TRUE,TRUE
REACTOME_BIOLOGICAL_OXIDATIONS,Reactome,48,2,1.339,-1.101,-1.838,-1.102,-1.618,0.2107,0.4004,0.01892,0.4238,0.03304,FALSE,TRUE,TRUE
REACTOME_CARGO_CONCENTRATION_IN_THE_ER,Reactome,12,2,1.425,1.642,-1.176,-1.848,-1.493,0.2183,0.03826,0.5087,0.01101,0.1473,TRUE,TRUE,TRUE
REACTOME_CLATHRIN_MEDIATED_ENDOCYTOSIS,Reactome,42,2,1.333,1.831,-0.824,-1.96,-1.054,0.221,0.005233,0.8984,0.001638,0.5596,FALSE,FALSE,FALSE
REACTOME_COLLAGEN_CHAIN_TRIMERIZATION,Reactome,12,2,-1.374,-1.945,1.011,2.175,1.31,0.2487,0.007118,0.6714,5.291e-4,0.3083,TRUE,TRUE,TRUE
REACTOME_ANTIGEN_PROCESSING_UB_ATP_INDEPENDENT_PROTEASOMAL_DEGRADATION,Reactome,16,2,-1.322,1.986,0.996,-1.92,1.484,0.2931,0.002183,0.6757,0.00732,0.1581,FALSE,TRUE,TRUE
REACTOME_NEUTROPHIL_DEGRANULATION,Reactome,165,2,1.162,1.844,1.193,-1.651,-0.962,0.3175,1.12e-4,0.333,0.001458,0.7315,TRUE,TRUE,TRUE
REACTOME_CLASS_I_MHC_MEDIATED_ANTIGEN_PROCESSING_PRESENTATION,Reactome,96,2,-1.184,1.65,-0.984,-1.916,0.97,0.3302,0.0052,0.6855,7.869e-4,0.6893,FALSE,TRUE,TRUE
REACTOME_EXTRACELLULAR_MATRIX_ORGANIZATION,Reactome,64,2,-1.187,-1.93,-1.393,1.81,0.918,0.3547,4.943e-4,0.1645,0.00214,0.7835,TRUE,TRUE,TRUE
REACTOME_RECYCLING_PATHWAY_OF_L1,Reactome,18,2,-1.215,1.975,1.845,-1.212,1.344,0.3926,0.002654,0.04079,0.3404,0.2622,TRUE,TRUE,TRUE
REACTOME_COPI_INDEPENDENT_GOLGI_TO_ER_RETROGRADE_TRAFFIC,Reactome,27,2,-1.166,2.327,1.669,-1.944,1.476,0.4395,1.115e-5,0.09197,0.003478,0.1247,FALSE,FALSE,TRUE
REACTOME_COLLAGEN_BIOSYNTHESIS_AND_MODIFYING_ENZYMES,Reactome,15,2,-1.183,-1.618,1.453,2.11,1.309,0.4495,0.04394,0.238,0.001381,0.3083,FALSE,FALSE,TRUE
REACTOME_N_GLYCAN_TRIMMING_IN_THE_ER_AND_CALNEXIN_CALRETICULIN_CYCLE,Reactome,14,2,-1.146,1.712,0.969,-1.839,1.166,0.4906,0.02031,0.6882,0.01205,0.4544,TRUE,TRUE,TRUE
REACTOME_ECM_PROTEOGLYCANS,Reactome,20,2,-1.128,-2.408,-1.418,2.178,0.665,0.4957,9.078e-6,0.2547,5.396e-4,0.9743,TRUE,TRUE,TRUE
REACTOME_AEROBIC_RESPIRATION_AND_RESPIRATORY_ELECTRON_TRANSPORT,Reactome,162,2,1.059,-2.571,0.568,2.66,-0.88,0.5146,5.156e-13,0.9998,1.152e-16,0.8906,FALSE,FALSE,TRUE
REACTOME_SELECTIVE_AUTOPHAGY,Reactome,41,2,-1.08,1.548,-0.955,-1.685,1.073,0.5299,0.04038,0.7162,0.01372,0.5257,FALSE,FALSE,TRUE
REACTOME_TRANSCRIPTIONAL_AND_POST_TRANSLATIONAL_REGULATION_OF_MITF_M_EXPRESSION_AND_ACTIVITY,Reactome,21,2,1.085,1.748,0.851,-1.869,-1.112,0.5367,0.01168,0.8278,0.007252,0.4966,TRUE,TRUE,TRUE
REACTOME_HSP90_CHAPERONE_CYCLE_FOR_STEROID_HORMONE_RECEPTORS_SHR_IN_THE_PRESENCE_OF_LIGAND,Reactome,34,2,-1.075,2.375,1.446,-1.986,1.399,0.5463,9.078e-6,0.2072,0.001717,0.1633,FALSE,TRUE,TRUE
REACTOME_PROCESSING_OF_CAPPED_INTRON_CONTAINING_PRE_MRNA,Reactome,39,2,-1.064,-1.633,0.785,1.745,1.013,0.5561,0.02029,0.912,0.009502,0.6175,TRUE,TRUE,TRUE
REACTOME_CARGO_RECOGNITION_FOR_CLATHRIN_MEDIATED_ENDOCYTOSIS,Reactome,26,2,1.041,1.591,-1.21,-2.044,-1.044,0.5968,0.03871,0.4595,0.001538,0.5906,TRUE,TRUE,TRUE
REACTOME_CYTOPROTECTION_BY_HMOX1,Reactome,25,2,-1.04,-2.149,1.274,2.35,1.24,0.603,2.857e-4,0.4021,5.271e-5,0.3403,FALSE,TRUE,TRUE
REACTOME_COPI_MEDIATED_ANTEROGRADE_TRANSPORT,Reactome,45,2,-1.028,2.192,1.498,-1.748,1.46,0.6077,2.425e-5,0.1478,0.006774,0.1081,FALSE,TRUE,TRUE
REACTOME_MRNA_SPLICING,Reactome,35,2,-0.98,-1.59,0.857,1.66,0.969,0.6854,0.02908,0.8449,0.01881,0.6893,FALSE,FALSE,FALSE
REACTOME_COLLAGEN_DEGRADATION,Reactome,15,2,0.949,-1.748,0.745,1.942,0.605,0.7209,0.01826,0.912,0.004104,0.9822,FALSE,FALSE,TRUE
REACTOME_LYSOSOME_VESICLE_BIOGENESIS,Reactome,13,2,0.942,2.014,1.201,-1.744,-0.815,0.726,0.001599,0.4791,0.02688,0.8442,TRUE,TRUE,TRUE
REACTOME_GOLGI_TO_ER_RETROGRADE_TRANSPORT,Reactome,45,2,-0.952,2.325,1.546,-1.986,1.332,0.7329,7.033e-6,0.1224,0.001458,0.2061,FALSE,FALSE,TRUE
REACTOME_COOPERATION_OF_PDCL_PHLP1_AND_TRIC_CCT_IN_G_PROTEIN_BETA_FOLDING,Reactome,14,2,-0.936,2.125,1.688,-1.764,1.326,0.7371,3.783e-4,0.1122,0.02273,0.3007,TRUE,TRUE,TRUE
REACTOME_TRNA_AMINOACYLATION,Reactome,27,2,0.891,2.174,0.795,-2.291,0.618,0.8158,1.205e-4,0.8925,2.387e-4,0.9822,FALSE,FALSE,TRUE
REACTOME_RESOLUTION_OF_SISTER_CHROMATID_COHESION,Reactome,26,2,-0.869,1.842,1.027,-1.998,0.962,0.8404,0.007379,0.6398,0.002213,0.6893,FALSE,FALSE,TRUE
REACTOME_REGULATION_OF_PLK1_ACTIVITY_AT_G2_M_TRANSITION,Reactome,23,2,-0.858,2.048,1.53,-2.047,1.088,0.8494,8.375e-4,0.1546,0.001893,0.5257,FALSE,FALSE,TRUE
REACTOME_MITOTIC_PROMETAPHASE,Reactome,40,2,-0.856,1.993,1.462,-2.06,1.208,0.8885,6.046e-4,0.1681,0.001218,0.3541,FALSE,FALSE,TRUE
REACTOME_MET_PROMOTES_CELL_MOTILITY,Reactome,13,2,-0.806,-1.905,-0.895,1.702,0.564,0.8897,0.008016,0.7597,0.03049,0.9822,TRUE,TRUE,TRUE
REACTOME_SIGNALING_BY_MET,Reactome,17,2,-0.822,-1.789,-0.984,1.639,0.592,0.8897,0.01264,0.6796,0.04461,0.9822,FALSE,FALSE,TRUE
REACTOME_DEGRADATION_OF_THE_EXTRACELLULAR_MATRIX,Reactome,29,2,-0.815,-1.807,1.125,2.016,0.913,0.9049,0.009915,0.5464,0.001458,0.7638,FALSE,TRUE,TRUE
REACTOME_AUTOPHAGY,Reactome,55,2,-0.828,1.585,-1.038,-1.798,0.823,0.9146,0.02413,0.6328,0.004523,0.8985,TRUE,TRUE,TRUE
REACTOME_PKR_MEDIATED_SIGNALING,Reactome,27,2,-0.797,1.571,0.795,-1.599,0.918,0.9146,0.04412,0.8925,0.04461,0.7568,TRUE,TRUE,TRUE
REACTOME_AURKA_ACTIVATION_BY_TPX2,Reactome,17,2,-0.755,2.01,1.64,-2.039,1.225,0.9224,0.001584,0.1287,0.001893,0.3816,FALSE,FALSE,FALSE
REACTOME_CYTOSOLIC_TRNA_AMINOACYLATION,Reactome,23,2,0.764,2.244,0.813,-2.413,0.725,0.9224,5.083e-5,0.8686,4.046e-5,0.9484,TRUE,TRUE,TRUE
REACTOME_INTRA_GOLGI_AND_RETROGRADE_GOLGI_TO_ER_TRAFFIC,Reactome,48,2,-0.802,2.427,1.511,-2.166,1.165,0.9224,2.379e-6,0.1393,2.328e-4,0.3925,TRUE,TRUE,TRUE
REACTOME_LAMININ_INTERACTIONS,Reactome,12,2,-0.734,-1.995,-1.244,1.867,-0.68,0.9224,0.004647,0.4595,0.008737,0.9522,TRUE,TRUE,TRUE
REACTOME_RECRUITMENT_OF_MITOTIC_CENTROSOME_PROTEINS_AND_COMPLEXES,Reactome,17,2,-0.755,2.01,1.64,-2.039,1.225,0.9224,0.001584,0.1287,0.001893,0.3816,FALSE,FALSE,FALSE
REACTOME_PROTEIN_FOLDING,Reactome,32,2,-0.767,1.996,1.601,-1.618,0.994,0.93,0.001367,0.1122,0.03528,0.6508,FALSE,TRUE,TRUE
REACTOME_ASSOCIATION_OF_TRIC_CCT_WITH_TARGET_PROTEINS_DURING_BIOSYNTHESIS,Reactome,10,2,-0.704,2.262,2.097,-1.482,1.3,0.944,9.29e-6,5.123e-4,0.1353,0.3305,TRUE,TRUE,TRUE
REACTOME_SCAVENGING_BY_CLASS_A_RECEPTORS,Reactome,10,2,-0.694,-1.819,0.85,1.841,0.706,0.9472,0.0106,0.8088,0.006834,0.9321,TRUE,TRUE,TRUE
REACTOME_ASPARAGINE_N_LINKED_GLYCOSYLATION,Reactome,88,2,-0.803,2.239,1.249,-2.114,0.968,0.9511,4.466e-6,0.3157,5.575e-5,0.6944,TRUE,TRUE,TRUE
REACTOME_RHO_GTPASES_ACTIVATE_FORMINS,Reactome,33,2,-0.735,1.717,0.839,-1.83,0.85,0.9554,0.01129,0.8565,0.005565,0.8442,FALSE,FALSE,FALSE
REACTOME_COOPERATION_OF_PREFOLDIN_AND_TRIC_CCT_IN_ACTIN_AND_TUBULIN_FOLDING,Reactome,21,2,-0.699,2.188,1.898,-1.528,1.169,0.9596,1.335e-4,0.01892,0.08988,0.4361,FALSE,FALSE,FALSE
REACTOME_ANCHORING_OF_THE_BASAL_BODY_TO_THE_PLASMA_MEMBRANE,Reactome,18,2,0.677,2.045,1.608,-2.115,1.107,0.97,0.001205,0.1458,0.001381,0.5076,FALSE,FALSE,TRUE
REACTOME_COMPLEX_IV_ASSEMBLY,Reactome,25,2,-0.688,-2.235,1.144,2.462,1.027,0.9772,8.855e-5,0.5254,7.776e-6,0.6083,FALSE,TRUE,TRUE
REACTOME_ER_TO_GOLGI_ANTEROGRADE_TRANSPORT,Reactome,61,2,0.695,2.226,1.452,-1.944,0.927,0.983,1.111e-5,0.149,0.001213,0.7684,FALSE,FALSE,TRUE
REACTOME_TRANSPORT_TO_THE_GOLGI_AND_SUBSEQUENT_MODIFICATION,Reactome,61,2,0.695,2.226,1.452,-1.944,0.927,0.983,1.111e-5,0.149,0.001213,0.7684,FALSE,FALSE,FALSE
REACTOME_INTEGRIN_CELL_SURFACE_INTERACTIONS,Reactome,19,2,-0.552,-2.084,-1.061,2.027,-0.706,0.9859,5.122e-4,0.6289,0.001509,0.9497,FALSE,TRUE,TRUE
REACTOME_RESPIRATORY_ELECTRON_TRANSPORT,Reactome,104,2,-0.692,-3.052,0.959,3.128,0.742,0.9859,2.247e-18,0.7175,1.6499999999999998e-22,0.9822,TRUE,TRUE,TRUE
REACTOME_SIGNALING_BY_PDGF,Reactome,12,2,0.546,-2.11,0.785,2.072,0.603,0.9859,0.001094,0.8776,0.001458,0.9818,TRUE,TRUE,TRUE
REACTOME_CELL_CELL_COMMUNICATION,Reactome,30,1,-1.83,0.925,1.06,1.072,1.485,0.007303,0.6775,0.6264,0.5156,0.1152,TRUE,TRUE,TRUE
REACTOME_COMPLEMENT_CASCADE,Reactome,13,1,1.735,1.385,1.192,-0.737,-1.453,0.04041,0.1685,0.484,0.8825,0.1756,FALSE,TRUE,TRUE
REACTOME_DEATH_RECEPTOR_SIGNALING,Reactome,16,1,-1.675,0.606,-1.406,-1.2,1.304,0.04041,0.9694,0.2841,0.3596,0.3083,TRUE,TRUE,TRUE
REACTOME_SCAVENGING_OF_HEME_FROM_PLASMA,Reactome,10,1,1.679,1.728,1.128,-1.346,-1.469,0.05521,0.02454,0.5651,0.2271,0.1682,FALSE,TRUE,TRUE
REACTOME_SIGNALING_BY_INTERLEUKINS,Reactome,103,1,-1.386,1.632,0.991,-1.276,1.295,0.08008,0.007473,0.6789,0.1396,0.1676,FALSE,TRUE,TRUE
REACTOME_COPII_MEDIATED_VESICLE_TRANSPORT,Reactome,25,1,1.452,1.481,-0.694,-1.711,-1.403,0.1635,0.07819,0.9555,0.02255,0.1682,FALSE,TRUE,TRUE
REACTOME_COLLAGEN_FORMATION,Reactome,18,1,-1.371,-1.545,1.334,1.935,1.352,0.2348,0.06902,0.3266,0.004221,0.2566,FALSE,FALSE,FALSE
REACTOME_NEURONAL_SYSTEM,Reactome,49,1,-1.301,1.599,1.54,-1.261,1.214,0.236,0.02548,0.1211,0.2169,0.3148,TRUE,TRUE,TRUE
REACTOME_FCGAMMA_RECEPTOR_FCGR_DEPENDENT_PHAGOCYTOSIS,Reactome,26,1,1.355,1.796,1.613,0.765,0.847,0.2377,0.01035,0.1211,0.8825,0.8442,TRUE,TRUE,TRUE
REACTOME_CELL_SURFACE_INTERACTIONS_AT_THE_VASCULAR_WALL,Reactome,23,1,1.359,-0.985,0.872,1.62,-0.868,0.2419,0.585,0.808,0.0381,0.8177,TRUE,TRUE,TRUE
REACTOME_HSF1_DEPENDENT_TRANSACTIVATION,Reactome,16,1,-1.346,1.907,1.817,-0.993,1.545,0.2674,0.004793,0.05221,0.6218,0.1216,FALSE,TRUE,TRUE
REACTOME_RESPONSE_TO_ELEVATED_PLATELET_CYTOSOLIC_CA2,Reactome,47,1,1.261,1.522,1.34,-1.058,1.144,0.2891,0.04412,0.2813,0.5147,0.4368,TRUE,TRUE,TRUE
REACTOME_TURBULENT_OSCILLATORY_DISTURBED_FLOW_SHEAR_STRESS_ACTIVATES_SIGNALING_BY_PIEZO1_AND_INTEGRINS_IN_ENDOTHELIAL_CELLS,Reactome,10,1,1.349,1.734,1.156,-1.58,-0.859,0.2931,0.02362,0.5464,0.08245,0.8051,TRUE,TRUE,TRUE
REACTOME_REGULATION_OF_LIPID_METABOLISM_BY_PPARALPHA,Reactome,11,1,1.34,-0.893,-1.673,-1.163,-1.795,0.2997,0.698,0.1211,0.4118,0.02672,TRUE,TRUE,TRUE
REACTOME_FCGR3A_MEDIATED_IL10_SYNTHESIS,Reactome,11,1,1.294,2.011,1.692,-1.392,0.535,0.3465,0.001084,0.109,0.1872,0.9822,FALSE,TRUE,TRUE
REACTOME_TRANSMISSION_ACROSS_CHEMICAL_SYNAPSES,Reactome,43,1,-1.217,1.624,1.502,-1.221,1.235,0.3465,0.02535,0.1478,0.2702,0.3083,FALSE,FALSE,FALSE
REACTOME_UNFOLDED_PROTEIN_RESPONSE_UPR,Reactome,19,1,1.259,1.741,0.965,-1.465,-0.986,0.3465,0.01339,0.6888,0.122,0.661,FALSE,TRUE,TRUE
REACTOME_BINDING_AND_UPTAKE_OF_LIGANDS_BY_SCAVENGER_RECEPTORS,Reactome,23,1,1.238,-1.33,1.314,1.678,-0.794,0.3503,0.1922,0.3492,0.02688,0.8906,FALSE,FALSE,FALSE
REACTOME_INTERFERON_SIGNALING,Reactome,65,1,-1.192,1.76,1.22,-1.276,1.215,0.3503,0.003248,0.3959,0.179,0.3083,TRUE,TRUE,TRUE
REACTOME_TRANSPORT_OF_MATURE_TRANSCRIPT_TO_CYTOPLASM,Reactome,10,1,-1.28,-1.551,1.001,1.71,1.374,0.3503,0.07922,0.6757,0.03038,0.2636,TRUE,TRUE,TRUE
REACTOME_CARDIAC_CONDUCTION,Reactome,25,1,-1.228,1.711,1.367,-0.899,1.279,0.3554,0.01362,0.2841,0.7496,0.3056,FALSE,FALSE,TRUE
REACTOME_GAMMA_CARBOXYLATION_HYPUSINYLATION_HYDROXYLATION_AND_ARYLSULFATASE_ACTIVATION,Reactome,12,1,-1.245,0.759,1.863,1.363,1.533,0.3703,0.8606,0.01991,0.2166,0.1314,TRUE,TRUE,TRUE
REACTOME_ION_HOMEOSTASIS,Reactome,24,1,-1.22,1.779,1.383,-0.909,1.273,0.3703,0.01466,0.2799,0.7362,0.3083,TRUE,TRUE,TRUE
REACTOME_G_PROTEIN_MEDIATED_EVENTS,Reactome,12,1,-1.239,1.52,1.826,0.586,1.614,0.3785,0.08564,0.02699,0.9711,0.08636,TRUE,TRUE,TRUE
REACTOME_CELLULAR_SENESCENCE,Reactome,14,1,-1.219,-1.634,-0.871,1.559,1.023,0.403,0.04118,0.7963,0.08214,0.6083,TRUE,TRUE,TRUE
REACTOME_L1CAM_INTERACTIONS,Reactome,35,1,-1.172,1.865,1.619,-1.122,1.33,0.4127,0.004369,0.109,0.4118,0.2201,FALSE,TRUE,TRUE
REACTOME_FORMATION_OF_TC_NER_PRE_INCISION_COMPLEX,Reactome,12,1,1.173,1.429,-1.421,-1.725,-1.134,0.4621,0.1446,0.286,0.03158,0.4905,TRUE,TRUE,TRUE
REACTOME_FORMATION_OF_ATP_BY_CHEMIOSMOTIC_COUPLING,Reactome,15,1,1.162,1.581,-1.024,-1.911,-1.413,0.4665,0.05806,0.6427,0.006239,0.2061,TRUE,TRUE,TRUE
REACTOME_INTRAFLAGELLAR_TRANSPORT,Reactome,10,1,-1.141,1.223,1.782,-0.921,1.155,0.4955,0.3201,0.04685,0.7033,0.4776,TRUE,TRUE,TRUE
REACTOME_MTOR_SIGNALLING,Reactome,16,1,1.123,1.624,0.979,-1.489,-0.782,0.4978,0.04138,0.6796,0.1103,0.8884,TRUE,TRUE,TRUE
REACTOME_PINK1_PRKN_MEDIATED_MITOPHAGY,Reactome,16,1,-1.121,-1.76,-1.692,1.168,0.768,0.5057,0.01916,0.1122,0.3953,0.8906,TRUE,TRUE,TRUE
REACTOME_DRUG_ADME,Reactome,18,1,1.11,1.678,1.482,-0.904,0.783,0.506,0.02413,0.2093,0.7384,0.8884,TRUE,TRUE,TRUE
REACTOME_RHOV_GTPASE_CYCLE,Reactome,12,1,1.037,1.904,1.591,-1.274,0.836,0.603,0.009448,0.149,0.2944,0.8269,TRUE,TRUE,TRUE
REACTOME_RHO_GTPASES_ACTIVATE_IQGAPS,Reactome,13,1,-1.042,1.715,1.704,-0.987,1.28,0.603,0.02268,0.1122,0.6262,0.3344,FALSE,TRUE,TRUE
REACTOME_MITF_M_REGULATED_MELANOCYTE_DEVELOPMENT,Reactome,33,1,0.981,1.478,0.839,-1.705,-1.048,0.6647,0.07273,0.8565,0.01976,0.5898,FALSE,TRUE,TRUE
REACTOME_MITOPHAGY,Reactome,19,1,-0.976,-1.597,-1.585,1.063,0.837,0.6854,0.04738,0.1478,0.5217,0.8423,FALSE,FALSE,FALSE
REACTOME_EPH_EPHRIN_SIGNALING,Reactome,25,1,0.949,1.913,1.637,-0.956,0.647,0.726,0.00498,0.1122,0.6681,0.9821,TRUE,TRUE,TRUE
REACTOME_RHO_GTPASE_CYCLE,Reactome,90,1,-0.947,1.522,1.362,-1.227,1.045,0.7553,0.01793,0.1715,0.2108,0.5596,TRUE,TRUE,TRUE
REACTOME_DEVELOPMENTAL_CELL_LINEAGES_OF_THE_EXOCRINE_PANCREAS,Reactome,12,1,-0.911,-1.61,-1.023,1.609,0.83,0.7702,0.04829,0.6398,0.05927,0.8304,FALSE,FALSE,TRUE
REACTOME_DEVELOPMENTAL_LINEAGE_OF_PANCREATIC_DUCTAL_CELLS,Reactome,12,1,-0.911,-1.61,-1.023,1.609,0.83,0.7702,0.04829,0.6398,0.05927,0.8304,FALSE,TRUE,TRUE
REACTOME_COMPLEX_III_ASSEMBLY,Reactome,15,1,0.897,-1.432,1.099,1.872,-0.798,0.7877,0.135,0.5659,0.00817,0.874,TRUE,TRUE,TRUE
REACTOME_IMMUNOREGULATORY_INTERACTIONS_BETWEEN_A_LYMPHOID_AND_A_NON_LYMPHOID_CELL,Reactome,15,1,0.896,-1.543,1.04,1.887,-0.547,0.7906,0.07077,0.6328,0.00719,0.984,TRUE,TRUE,TRUE
REACTOME_PROCESSING_OF_DNA_DOUBLE_STRAND_BREAK_ENDS,Reactome,11,1,-0.885,-1.786,-1.475,1.351,-0.808,0.8151,0.01339,0.2441,0.2236,0.8591,TRUE,FALSE,TRUE
REACTOME_HOMOLOGY_DIRECTED_REPAIR,Reactome,12,1,-0.879,-1.863,-1.301,1.528,-0.785,0.8158,0.01495,0.4041,0.09566,0.88,FALSE,TRUE,TRUE
REACTOME_CHAPERONE_MEDIATED_AUTOPHAGY,Reactome,11,1,-0.86,1.518,-0.953,-1.885,-0.852,0.8272,0.08839,0.6935,0.007016,0.8177,TRUE,TRUE,TRUE
REACTOME_E3_UBIQUITIN_LIGASES_UBIQUITINATE_TARGET_PROTEINS,Reactome,12,1,-0.84,-1.232,-1.838,-0.846,-0.718,0.8534,0.3119,0.04737,0.7869,0.9284,TRUE,TRUE,TRUE
REACTOME_NEF_MEDIATES_DOWN_MODULATION_OF_CELL_SURFACE_RECEPTORS_BY_RECRUITING_THEM_TO_CLATHRIN_ADAPTERS,Reactome,10,1,-0.793,1.654,1.385,-1.424,1.104,0.8897,0.03786,0.3104,0.1744,0.5257,TRUE,TRUE,TRUE
REACTOME_SUMOYLATION,Reactome,16,1,0.784,-1.928,-1.033,1.32,-0.999,0.9049,0.0052,0.6398,0.237,0.6402,TRUE,TRUE,TRUE
REACTOME_POTENTIAL_THERAPEUTICS_FOR_SARS,Reactome,25,1,0.788,1.777,1.556,-0.819,0.761,0.92,0.009656,0.1478,0.8404,0.9263,TRUE,TRUE,TRUE
REACTOME_COPI_DEPENDENT_GOLGI_TO_ER_RETROGRADE_TRAFFIC,Reactome,24,1,-0.764,1.714,1.512,-1.455,1.099,0.9224,0.01468,0.1548,0.1103,0.5132,FALSE,TRUE,FALSE
REACTOME_HCMV_EARLY_EVENTS,Reactome,18,1,-0.753,1.927,1.245,-1.514,1.048,0.9224,0.004369,0.4318,0.09754,0.5898,TRUE,TRUE,TRUE
REACTOME_LATE_ENDOSOMAL_MICROAUTOPHAGY,Reactome,13,1,-0.743,1.432,-1.4,-1.715,-0.885,0.9224,0.135,0.2955,0.03049,0.7797,FALSE,TRUE,TRUE
REACTOME_MITOTIC_SPINDLE_CHECKPOINT,Reactome,21,1,0.755,1.454,-1.213,-2.064,-0.913,0.9248,0.092,0.4595,0.001638,0.7584,FALSE,FALSE,TRUE
REACTOME_TRANSLOCATION_OF_SLC2A4_GLUT4_TO_THE_PLASMA_MEMBRANE,Reactome,30,1,0.696,1.584,1.524,-1.194,0.869,0.9783,0.03367,0.149,0.3253,0.8177,TRUE,TRUE,TRUE
REACTOME_DEVELOPMENTAL_CELL_LINEAGES,Reactome,19,1,-0.603,-1.615,-1.268,1.367,-0.964,0.983,0.04165,0.4046,0.1933,0.6893,TRUE,TRUE,TRUE
REACTOME_ATTENUATION_PHASE,Reactome,10,1,0.542,1.742,1.228,-1.523,0.745,0.9859,0.02211,0.4727,0.1128,0.8985,TRUE,FALSE,FALSE
REACTOME_PLASMA_LIPOPROTEIN_ASSEMBLY_REMODELING_AND_CLEARANCE,Reactome,14,1,0.553,1.762,0.821,-1.523,-0.66,0.9859,0.01597,0.8565,0.1059,0.9712,TRUE,TRUE,TRUE
REACTOME_RHOU_GTPASE_CYCLE,Reactome,13,1,0.53,1.751,1.634,-1.014,1.018,0.9859,0.01837,0.1393,0.5896,0.6149,FALSE,TRUE,TRUE
WP_CYTOPLASMIC_RIBOSOMAL_PROTEINS,WikiPathways,72,4,-2.901,1.35,2.813,2.065,3.102,5.745e-14,0.3463,6.517e-13,1.244e-4,1.885e-18,FALSE,FALSE,FALSE
WP_STRIATED_MUSCLE_CONTRACTION_PATHWAY,WikiPathways,30,4,-2.346,-1.95,1.435,2.345,2.271,5.19e-5,0.006225,0.3834,2.439e-5,3.262e-4,TRUE,TRUE,TRUE
WP_PROTEASOME_DEGRADATION,WikiPathways,44,4,-2.1,1.915,1.058,-1.724,1.984,9.607e-4,0.003332,0.6894,0.04024,0.00258,FALSE,TRUE,TRUE
WP_PARKINUBIQUITIN_PROTEASOMAL_SYSTEM_PATHWAY,WikiPathways,39,4,-2,2.315,1.634,-1.759,1.971,0.002594,1.524e-5,0.1293,0.04228,0.002604,TRUE,TRUE,TRUE
WP_16P112_PROXIMAL_DELETION_SYNDROME,WikiPathways,17,3,-0.559,2.48,2.096,-1.918,1.29,0.9882,1.416e-6,0.005547,0.01592,0.4532,TRUE,TRUE,TRUE
WP_FATTY_ACID_AND_LIPOPROTEIN_TRANSPORT_IN_HEPATOCYTES,WikiPathways,79,2,2.223,0.799,-1.537,-1.542,-2.403,1.732e-5,0.9812,0.1264,0.05497,5.245e-7,TRUE,TRUE,TRUE
WP_FATTY_ACID_BETAOXIDATION,WikiPathways,22,2,2.406,-1.487,-1.874,-0.423,-2.485,2.946e-5,0.3463,0.06736,0.9993,3.907e-6,TRUE,TRUE,TRUE
WP_LEUCINE_ISOLEUCINE_AND_VALINE_METABOLISM,WikiPathways,20,2,2.283,-0.527,-1.116,-0.689,-2.216,2.24e-4,0.9965,0.6507,0.9818,3.262e-4,FALSE,FALSE,FALSE
WP_MITOCHONDRIAL_FATTY_ACID_OXIDATION_DISORDERS,WikiPathways,14,2,2.237,-1.269,-1.576,-0.558,-2.245,2.24e-4,0.5225,0.3468,0.9993,3.262e-4,FALSE,TRUE,TRUE
WP_MITOCHONDRIAL_LONG_CHAIN_FATTY_ACID_BETAOXIDATION,WikiPathways,13,2,2.16,-1.176,-1.474,-0.552,-2.16,0.001401,0.6564,0.4643,0.9993,7.466e-4,FALSE,FALSE,FALSE
WP_AMINO_ACID_METABOLISM,WikiPathways,47,2,2.022,1.091,-1.435,-1.545,-1.917,0.004227,0.7467,0.3558,0.09868,0.005853,TRUE,TRUE,TRUE
WP_FATTY_ACID_BIOSYNTHESIS,WikiPathways,12,2,1.973,-0.925,-1.793,-1.23,-2.182,0.01163,0.8996,0.1168,0.5272,3.262e-4,TRUE,TRUE,TRUE
WP_TRYPTOPHAN_METABOLISM,WikiPathways,11,2,1.934,-1.386,-1.572,0.437,-1.969,0.01163,0.4195,0.3558,0.9993,0.01113,TRUE,TRUE,TRUE
WP_MITOCHONDRIAL_COMPLEX_I_ASSEMBLY_MODEL_OXPHOS_SYSTEM,WikiPathways,40,2,-1.518,-3.014,0.988,2.977,1.625,0.1459,2.201e-14,0.7693,9.187e-16,0.09964,FALSE,FALSE,FALSE
WP_ARRHYTHMOGENIC_RIGHT_VENTRICULAR_CARDIOMYOPATHY,WikiPathways,25,2,-1.466,-2.185,-2.006,1.762,1.146,0.2656,5.095e-4,0.01268,0.05342,0.5996,TRUE,TRUE,TRUE
WP_MIRNA_TARGETS_IN_ECM_AND_MEMBRANE_RECEPTORS,WikiPathways,10,2,-1.533,-2.141,0.859,2.223,1.392,0.2691,0.001017,0.8457,4.791e-5,0.3718,TRUE,TRUE,TRUE
WP_17P133_YWHAE_COPY_NUMBER_VARIATION,WikiPathways,15,2,1.388,1.979,1.089,-1.886,-0.998,0.422,0.006125,0.6871,0.04024,0.7545,TRUE,TRUE,TRUE
WP_5Q35_COPY_NUMBER_VARIATION,WikiPathways,25,2,-1.293,-2.267,0.868,2.15,1.404,0.4861,1.671e-4,0.8672,5.344e-4,0.3289,TRUE,TRUE,TRUE
WP_OXIDATIVE_PHOSPHORYLATION,WikiPathways,49,2,-1.085,-3.065,-0.722,2.671,0.864,0.7468,2.951e-16,0.9657,5.659e-10,0.8791,FALSE,FALSE,TRUE
WP_ELECTRON_TRANSPORT_CHAIN_OXPHOS_SYSTEM_IN_MITOCHONDRIA,WikiPathways,89,2,-0.948,-3.005,0.678,2.941,1.026,0.8884,3.648e-17,0.9871,2.595e-17,0.7289,FALSE,FALSE,TRUE
WP_VEGFAVEGFR2_SIGNALING,WikiPathways,147,2,-0.869,1.841,1.807,-1.087,1.326,0.9592,2.302e-4,0.003783,0.6019,0.2378,TRUE,TRUE,TRUE
WP_MITOCHONDRIAL_COMPLEX_IV_ASSEMBLY,WikiPathways,19,2,0.61,-2.247,0.874,2.214,-0.618,0.9881,1.671e-4,0.8457,5.344e-4,0.9589,FALSE,FALSE,TRUE
WP_ARSENIC_METABOLISM_AND_REACTIVE_OXYGEN_SPECIES_GENERATION,WikiPathways,10,1,1.946,-1.324,-1.164,1.062,-1.631,0.01359,0.507,0.6406,0.6753,0.2046,TRUE,TRUE,TRUE
WP_VITAMIN_B12_METABOLISM,WikiPathways,12,1,1.955,0.752,-1.261,-1.274,-1.617,0.01424,0.9812,0.5919,0.4926,0.2046,TRUE,TRUE,TRUE
WP_DNA_REPAIR_PATHWAYS_FULL_NETWORK,WikiPathways,14,1,1.909,-0.954,-1.151,0.965,-1.858,0.01708,0.8996,0.6406,0.7865,0.05397,TRUE,TRUE,TRUE
WP_TRANSLATION_FACTORS,WikiPathways,38,1,-1.879,1.418,0.965,-1.093,1.78,0.01708,0.3463,0.7839,0.6281,0.05397,TRUE,TRUE,TRUE
WP_TCA_CYCLE_AKA_KREBS_OR_CITRIC_ACID_CYCLE,WikiPathways,18,1,1.911,1.465,1.746,-1.207,-1.56,0.01732,0.3599,0.1168,0.5272,0.2238,FALSE,FALSE,TRUE
WP_UREA_CYCLE_AND_ASSOCIATED_PATHWAYS,WikiPathways,12,1,1.857,-0.585,-1.006,-0.499,-1.837,0.03014,0.9902,0.7521,0.9993,0.07485,TRUE,TRUE,TRUE
WP_SUDDEN_INFANT_DEATH_SYNDROME_SIDS_SUSCEPTIBILITY_PATHWAYS,WikiPathways,28,1,1.775,1.483,-1.06,-1.33,-1.54,0.04092,0.3392,0.6871,0.3743,0.2046,TRUE,TRUE,TRUE
WP_OVERLAP_BETWEEN_SIGNAL_TRANSDUCTION_PATHWAYS_CONTRIBUTING_TO_LMNA_LAMINOPATHIES,WikiPathways,10,1,1.455,-1.87,-1.012,1.771,-1.331,0.34,0.0391,0.7521,0.06388,0.4342,TRUE,TRUE,TRUE
WP_VASOPRESSINREGULATED_WATER_REABSORPTION,WikiPathways,21,1,1.373,1.735,-0.917,-2.051,-1.485,0.422,0.09453,0.8132,0.004877,0.2621,TRUE,TRUE,TRUE
WP_FOCAL_ADHESION,WikiPathways,54,1,-1.243,-1.577,1.118,1.88,1.277,0.4861,0.1317,0.6406,0.004877,0.3718,TRUE,TRUE,TRUE
WP_22Q112_COPY_NUMBER_VARIATION_SYNDROME,WikiPathways,19,1,1.116,1.595,0.849,-1.945,-1.05,0.7468,0.2322,0.8672,0.01546,0.7179,TRUE,TRUE,TRUE
WP_HDAC6_INTERACTIONS_IN_THE_CENTRAL_NERVOUS_SYSTEM,WikiPathways,44,1,-1.014,1.737,1.258,-1.351,1.306,0.8577,0.03961,0.5307,0.322,0.3718,TRUE,TRUE,TRUE
WP_13Q1212_COPY_NUMBER_VARIATION,WikiPathways,16,1,-0.896,-1.285,-2.125,-1.436,-1.046,0.8908,0.5134,0.005547,0.322,0.7212,TRUE,TRUE,TRUE
WP_FOCAL_ADHESION_PI3KAKTMTORSIGNALING,WikiPathways,50,1,-0.903,-1.243,1.064,1.694,1.044,0.9231,0.4698,0.6871,0.03221,0.7063,TRUE,TRUE,TRUE
WP_16P122_COPY_NUMBER_VARIATION_SYNDROME_520KB,WikiPathways,30,1,-0.803,-1.38,1.135,1.931,0.888,0.9592,0.3755,0.6406,0.01051,0.8763,TRUE,TRUE,TRUE
WP_MITOCHONDRIAL_COMPLEX_III_ASSEMBLY,WikiPathways,11,1,-0.734,-1.68,1.101,2.002,0.639,0.9592,0.1689,0.6871,0.008235,0.9553,FALSE,FALSE,TRUE
WP_PI3KAKT_SIGNALING,WikiPathways,42,1,-0.795,-1.42,0.869,1.792,0.958,0.9592,0.3348,0.8672,0.03221,0.7935,FALSE,FALSE,TRUE
WP_PROSTAGLANDIN_SYNTHESIS_AND_REGULATION,WikiPathways,13,1,0.467,1.797,0.993,-2.012,0.651,0.9939,0.07767,0.7628,0.01051,0.9553,TRUE,TRUE,TRUE
