gene,n_miss,pct_miss,mean_intensity,classification
UBA6,0,0,20.367315107002486,Complete
ILVBL,0,0,21.043224528464673,Complete
FSD2,2,3.225806451612903,20.251747004253044,MAR
TARS3,0,0,24.789997322540902,Complete
MYH7B,25,40.32258064516129,16.319575458498107,MNAR
NUDT19,18,29.03225806451613,17.099232191996155,MAR
NACA,17,27.419354838709676,17.004354609135607,MAR
SLC35A4,6,9.67741935483871,17.978749733174105,MAR
AGPS,22,35.483870967741936,15.488942850631892,MNAR
PDLIM1,34,54.83870967741935,21.47878401288042,MNAR
NDUFS8,9,14.516129032258066,20.236116617859558,MAR
PSMD11,31,50,20.71737825516034,MAR
PSMD12,0,0,23.019411766730283,Complete
PSMD9,43,69.35483870967742,20.79812636052264,MNAR
PGRMC1,0,0,21.64179013751542,Complete
PDHX,0,0,23.413964604064653,Complete
DCTN6,19,30.64516129032258,17.111936274180632,MNAR
IPO5,11,17.741935483870968,20.503994162201916,MAR
EEF2K,0,0,23.68417040811389,Complete
EML1,11,17.741935483870968,18.623113534334554,MAR
RTCA,0,0,22.346808658798683,Complete
NDUFA4,12,19.35483870967742,18.520127969362626,MAR
PSMD14,6,9.67741935483871,19.846406309273345,MAR
BIN1,9,14.516129032258066,18.29453734529252,MAR
KPNA3,25,40.32258064516129,20.140879971955748,MNAR
USP9Y,0,0,22.64393393135576,Complete
DDX3X,0,0,21.83282231329619,Complete
KPNA4,0,0,20.55356568816267,Complete
CES2,0,0,18.078636541605036,Complete
FBP2,30,48.38709677419355,18.94844472106275,MNAR
ACACB,1,1.6129032258064515,19.375985314699797,MAR
PDXK,0,0,19.655284185283126,Complete
SDHD,0,0,23.416110498659016,Complete
DPYSL4,33,53.2258064516129,15.84647963134812,MNAR
COX7A2L,0,0,21.672627976320666,Complete
GAPDHS,12,19.35483870967742,16.352795946157002,MAR
HSPB6,0,0,20.490571725946708,Complete
NDUFAB1,0,0,20.246710804129975,Complete
COPE,0,0,20.841852775783153,Complete
CCS,0,0,26.11085066560586,Complete
IMPA2,0,0,20.67783822013606,Complete
CDIPT,0,0,26.344222073240026,Complete
PDCD5,1,1.6129032258064515,21.024476742633926,MAR
TPP1,0,0,19.59804909054681,Complete
APOL1,0,0,22.95789537943712,Complete
PSMA7,11,17.741935483870968,20.521766642282774,MAR
SCAMP3,0,0,26.001308722168712,Complete
OPLAH,0,0,19.27640771932461,Complete
BCKDK,0,0,23.23815731054909,Complete
MGST3,29,46.774193548387096,16.515110375230403,MNAR
GIPC1,24,38.70967741935484,19.658147549042003,MNAR
RGS12,0,0,27.08204706750616,Complete
HAT1,0,0,23.428709259944576,Complete
UQCR11,0,0,22.355686372927565,Complete
HGS,0,0,20.865454242627365,Complete
HNRNPDL,1,1.6129032258064515,20.047672131073725,MAR
SYNJ2,0,0,23.65458938595125,Complete
ARPC1B,5,8.064516129032258,18.94653911333242,MAR
PGRMC2,0,0,24.536107274633316,Complete
PFDN6,3,4.838709677419355,20.557092241817234,MAR
LAMA5,18,29.03225806451613,18.9132781932318,MAR
NDUFA1,0,0,25.013823982167146,Complete
SURF4,0,0,21.003917682403536,Complete
MAPK13,1,1.6129032258064515,21.527656288035793,MAR
TCAP,0,0,25.646215955154307,Complete
PPM1D,16,25.806451612903224,16.349842393197815,MAR
PMM2,0,0,18.647763458036106,Complete
EIF3D,1,1.6129032258064515,18.79479404653174,MAR
EIF3H,0,0,28.307084969378657,Complete
BCAT2,0,0,22.901441204181797,Complete
STX7,0,0,21.166380351315546,Complete
YKT6,13,20.967741935483872,17.15548616003309,MAR
ARPC5,39,62.903225806451616,16.83191154134031,MNAR
DHX15,0,0,21.23437184837121,Complete
PHGDH,0,0,20.460894886345105,Complete
DYNC1LI2,15,24.193548387096776,20.914526763595173,MAR
PSMD3,2,3.225806451612903,24.39607824177493,MAR
HSPA12A,40,64.51612903225806,19.48583461880801,MNAR
RASA4,0,0,20.987897707520023,Complete
TXNL1,4,6.451612903225806,17.93967971481899,MAR
TPD52L2,4,6.451612903225806,18.868605819506712,MAR
ERI3,14,22.58064516129032,15.828533577958412,MAR
PPIH,1,1.6129032258064515,20.955422314570313,MAR
HTRA2,7,11.29032258064516,17.0395409645073,MAR
AKR7A2,3,4.838709677419355,20.295092461811205,MAR
EPB41L2,4,6.451612903225806,19.022648372563964,MAR
LAT,24,38.70967741935484,17.794871136408325,MNAR
DENR,34,54.83870967741935,15.365281122964404,MNAR
DNPH1,19,30.64516129032258,16.624206250160995,MNAR
TIMM44,4,6.451612903225806,21.284937319690208,MAR
CHMP2A,0,0,24.69478077949192,Complete
RGS10,9,14.516129032258066,16.670419654956827,MAR
NDUFB5,0,0,19.990962057877216,Complete
NDUFA2,18,29.03225806451613,19.745171569644654,MAR
BUB3,1,1.6129032258064515,19.25305564230439,MAR
ACTN4,0,0,21.09834333518242,Complete
GSTZ1,1,1.6129032258064515,19.989490945968736,MAR
HTATSF1,8,12.903225806451612,18.91892978553834,MAR
SYNGR2,0,0,21.109362331864556,Complete
ENSA,30,48.38709677419355,19.767678879216316,MNAR
SLC25A20,0,0,24.52937045005069,Complete
NARS1,0,0,20.955512458662565,Complete
LANCL1,1,1.6129032258064515,21.72344643878042,MAR
STRN,0,0,20.847015071394182,Complete
SLC37A4,43,69.35483870967742,16.110703103292195,MNAR
IDH3B,1,1.6129032258064515,19.421899639372217,MAR
AHCYL1,0,0,23.45826015024418,Complete
NDUFS5,0,0,23.9111666019505,Complete
TIMM8A,0,0,24.552319639091888,Complete
PPP1R12B,10,16.129032258064516,17.987149396597548,MAR
PLIN1,28,45.16129032258064,16.05341264037144,MNAR
PRPSAP2,0,0,24.396281470108672,Complete
PRKN,12,19.35483870967742,19.949032956015145,MAR
OPA1,0,0,19.900372724242757,Complete
TBC1D4,30,48.38709677419355,16.558474581308708,MNAR
PPL,11,17.741935483870968,20.205609053725873,MAR
SNX3,0,0,22.270062043152443,Complete
SYNCRIP,3,4.838709677419355,21.596606663180257,MAR
DIAPH1,0,0,20.90664022547662,Complete
SELENOF,5,8.064516129032258,20.29933765905256,MAR
KLHL41,0,0,21.537061857873503,Complete
KPNA6,2,3.225806451612903,18.562302351012157,MAR
UGDH,0,0,22.76098710280292,Complete
SNX2,0,0,21.56411051366641,Complete
USO1,0,0,19.538024336174054,Complete
PFKFB2,0,0,22.68598867831158,Complete
EIF5B,14,22.58064516129032,19.696785563914695,MAR
EDF1,29,46.774193548387096,15.58752465476553,MNAR
CUTA,4,6.451612903225806,22.95692270202155,MAR
NOL3,9,14.516129032258066,15.832394305314661,MAR
ABCB7,0,0,21.04078701713321,Complete
WDR1,17,27.419354838709676,17.52332475044998,MAR
CLASP2,0,0,20.76905868322616,Complete
COBL,11,17.741935483870968,18.610068721098223,MAR
CLUH,42,67.74193548387096,13.631389741349153,MNAR
CAND2,0,0,25.34002608880081,Complete
PPP6R2,0,0,23.653057952221047,Complete
DNAJB6,17,27.419354838709676,19.996528489912556,MAR
GGCT,4,6.451612903225806,19.08567017455267,MAR
NDUFS7,0,0,22.55780164562402,Complete
RTN2,0,0,22.49838050366732,Complete
NDUFS2,7,11.29032258064516,20.00203592082739,MAR
CILP,0,0,20.02377389707349,Complete
PDCD6,0,0,22.854697201231705,Complete
TBCA,0,0,21.950996485751407,Complete
ATP6V1G1,4,6.451612903225806,19.51268674347023,MAR
VPS4B,0,0,21.62973325351282,Complete
SH3BGRL,1,1.6129032258064515,23.853844445833513,MAR
FLNB,0,0,23.683469127534746,Complete
NDUFS6,0,0,27.05769593907384,Complete
CS,20,32.25806451612903,17.037519226714224,MNAR
SPAG7,32,51.61290322580645,17.821569739913866,MNAR
MRPL33,1,1.6129032258064515,19.026175494342105,MAR
SEC22B,34,54.83870967741935,17.21507033924264,MNAR
TACC1,0,0,22.950351012733385,Complete
NDUFB1,0,0,25.040143236507564,Complete
PMPCB,0,0,20.970814925502005,Complete
NDUFS3,0,0,22.691477798756853,Complete
ECI2,0,0,25.93701448340364,Complete
BANF1,0,0,24.603294224697006,Complete
CSDE1,0,0,25.82375094677995,Complete
PRKRA,36,58.06451612903226,17.963083430374674,MNAR
SNRNP200,0,0,21.5535879384,Complete
TIPRL,9,14.516129032258066,16.88391184964899,MAR
PPM1B,25,40.32258064516129,18.86773051550595,MNAR
TCEA3,7,11.29032258064516,17.089186786531954,MAR
EIF3G,0,0,25.5650880057037,Complete
EIF3J,0,0,24.38014658693248,Complete
CBR3,0,0,26.512086389390465,Complete
IDH1,0,0,18.326759073768727,Complete
RBBP9,0,0,21.491985870249895,Complete
ALDH1L1,5,8.064516129032258,18.691006721107648,MAR
ARL6IP5,4,6.451612903225806,23.13521222110664,MAR
DYSF,10,16.129032258064516,20.032658813885,MAR
PIAS2,0,0,24.005211779759843,Complete
DCTN3,0,0,23.712326415773035,Complete
ATP5PD,0,0,22.835543331738783,Complete
FLOT1,0,0,19.58003527218296,Complete
ATP5MG,12,19.35483870967742,18.340334051119115,MAR
MPDZ,0,0,21.83461984876121,Complete
SNCG,4,6.451612903225806,19.90708197246542,MAR
CIAO1,5,8.064516129032258,17.82077038174099,MAR
DDAH1,0,0,25.12745077698873,Complete
TPPP,26,41.935483870967744,17.482360742685668,MNAR
BAIAP3,0,0,19.877511978847437,Complete
TOMM70,0,0,22.84969806960653,Complete
SORBS2,6,9.67741935483871,20.669768711529382,MAR
SUN1,0,0,22.60840636446843,Complete
PLPBP,20,32.25806451612903,22.877903331111423,MAR
ENDOD1,0,0,21.30332898614209,Complete
USP19,0,0,24.284489561622014,Complete
SEC31A,0,0,23.224792188670772,Complete
NDUFB6,0,0,23.964895726369534,Complete
MFN2,28,45.16129032258064,17.205485412515678,MNAR
NDUFA3,0,0,26.125848282167297,Complete
NDUFB4,5,8.064516129032258,18.989794550035175,MAR
NDUFB8,0,0,26.00285970271572,Complete
NDUFA7,0,0,18.918603267765672,Complete
RTN3,40,64.51612903225806,16.027004034940134,MNAR
STBD1,0,0,22.320776323872042,Complete
ZRANB2,40,64.51612903225806,16.036484340996882,MNAR
LYPD3,2,3.225806451612903,23.08706274351389,MAR
EPM2A,1,1.6129032258064515,19.77466915428378,MAR
VAPB,3,4.838709677419355,16.163748073144134,MAR
NDUFA10,5,8.064516129032258,19.786117541014942,MAR
TACC2,0,0,20.26293448176966,Complete
LYPLA2,0,0,23.55941467945445,Complete
IPO7,0,0,21.116187855298723,Complete
PGM3,16,25.806451612903224,18.252937996862588,MAR
MOCS3,0,0,22.265123741283233,Complete
SVIL,10,16.129032258064516,17.73621627893521,MAR
AHSA1,0,0,22.5602043291615,Complete
H6PD,0,0,24.027992778024025,Complete
MPC2,0,0,23.558530693970724,Complete
ACSL3,0,0,23.368732934704674,Complete
ASMTL,12,19.35483870967742,19.13999041708552,MAR
CDS2,0,0,21.152475312424084,Complete
SNAP29,0,0,24.208375489333726,Complete
OXSR1,16,25.806451612903224,20.154400515780047,MAR
LSM8,6,9.67741935483871,20.46869356288724,MAR
AP2A1,0,0,23.350193278036816,Complete
CAVIN2,0,0,23.155107734430768,Complete
BAG2,0,0,24.174246668662136,Complete
BAG3,7,11.29032258064516,17.63355262571225,MAR
MLYCD,6,9.67741935483871,18.069014114777843,MAR
AIFM1,22,35.483870967741936,19.964035363203696,MNAR
EML2,0,0,20.151241969758384,Complete
BPNT1,20,32.25806451612903,19.24652634340583,MNAR
DDAH2,4,6.451612903225806,17.317316071242526,MAR
TXNDC12,12,19.35483870967742,17.60062922009056,MAR
NUDT3,4,6.451612903225806,19.125425294888736,MAR
NDUFB10,3,4.838709677419355,18.823646046543924,MAR
CLPTM1,0,0,22.78364909733977,Complete
MOCS2,25,40.32258064516129,17.408959495528954,MNAR
TOMM40,0,0,22.214028283306213,Complete
PEX11B,33,53.2258064516129,17.639072147740745,MNAR
ACTL6A,10,16.129032258064516,18.455475013079017,MAR
MT-CYB,0,0,20.63713384754995,Complete
ADH1B,16,25.806451612903224,18.94873658153128,MAR
LDHA,11,17.741935483870968,19.23231752465526,MAR
ALDH1A1,0,0,19.74943036886928,Complete
GLUD1,14,22.58064516129032,14.608787210309174,MAR
CYB5R3,0,0,23.392602410839352,Complete
GSR,19,30.64516129032258,16.67488447644296,MNAR
MT-CO1,0,0,24.277717915858695,Complete
MT-CO3,8,12.903225806451612,20.506986973073282,MAR
SOD1,1,1.6129032258064515,18.37512210186942,MAR
CP,6,9.67741935483871,16.208480615035246,MAR
F13A1,29,46.774193548387096,14.873861143342143,MNAR
PNP,40,64.51612903225806,19.117238816647543,MNAR
HPRT1,3,4.838709677419355,18.227509421170808,MAR
GOT2,0,0,24.838394645965007,Complete
PGK1,36,58.06451612903226,15.921395713509359,MNAR
HP,1,1.6129032258064515,18.82438174969423,MAR
HPR,24,38.70967741935484,15.095251597512135,MNAR
CFB,16,25.806451612903224,18.45871226335098,MAR
CA2,14,22.58064516129032,17.109280598669095,MAR
ASS1,1,1.6129032258064515,21.347177567635434,MAR
SERPINA1,0,0,29.159848818666003,Complete
SERPINA3,0,0,23.86157010944282,Complete
AGT,0,0,21.66711906789258,Complete
A2M,0,0,24.522626297877885,Complete
C3,0,0,21.344228033792987,Complete
CST3,6,9.67741935483871,21.627970163638526,MAR
CSTA,0,0,26.944814311572095,Complete
HRAS,5,8.064516129032258,22.672765471873465,MAR
JCHAIN,0,0,26.141447710875674,Complete
IGKV3-20,8,12.903225806451612,20.961070816145565,MAR
IGHV3-7,17,27.419354838709676,18.07063255550133,MAR
IGHG1,6,9.67741935483871,18.187299843348914,MAR
IGHG2,0,0,27.36020647175941,Complete
IGHG3,0,0,29.024619856335992,Complete
IGHM,0,0,28.867826329249624,Complete
IGHA1,15,24.193548387096776,19.463210207076443,MAR
IGHA2,0,0,24.157249056783225,Complete
HLA-DRA,41,66.12903225806451,13.840253783042426,MNAR
MB,7,11.29032258064516,20.331639365690148,MAR
COL1A1,5,8.064516129032258,19.367055884706563,MAR
COL3A1,0,0,25.30722197241542,Complete
COL4A1,0,0,25.81583278144331,Complete
CRYAB,0,0,27.373356939279795,Complete
KRT14,23,37.096774193548384,19.663204831176394,MNAR
KRT6A,0,0,20.76826027315631,Complete
LMNA,0,0,25.613622033552424,Complete
TNNC2,1,1.6129032258064515,21.833599038645573,MAR
APOE,10,16.129032258064516,19.210137579897097,MAR
APOC2,0,0,23.151301632404294,Complete
C1QB,0,0,22.951495604516694,Complete
C1QC,1,1.6129032258064515,20.130936108096765,MAR
RBP4,18,29.03225806451613,18.21871581324394,MAR
ORM1,0,0,21.955186858685874,Complete
ALB,23,37.096774193548384,16.481724978117978,MNAR
TFRC,26,41.935483870967744,17.882236296361956,MNAR
TF,13,20.967741935483872,20.102553686578254,MAR
FTL,38,61.29032258064516,17.32412817814585,MNAR
FTH1,18,29.03225806451613,16.841954257020983,MAR
MT-ND1,5,8.064516129032258,17.67882323636674,MAR
MT-ND2,2,3.225806451612903,19.233952343665877,MAR
MT-ND4,0,0,26.55074315583052,Complete
MT-ND5,0,0,26.110464599906162,Complete
MT-ATP8,0,0,24.580910644618065,Complete
KLKB1,0,0,21.492092522022805,Complete
SLPI,14,22.58064516129032,21.637608450936938,MAR
CAT,0,0,21.59258195904472,Complete
ALDOA,0,0,23.1366144637608,Complete
ANXA1,19,30.64516129032258,15.55774534573132,MNAR
SOD2,11,17.741935483870968,19.7793785242377,MAR
THY1,0,0,26.74913852040867,Complete
KRT1,0,0,33.61005527473166,Complete
S100B,6,9.67741935483871,20.052661370553597,MAR
GAPDH,3,4.838709677419355,21.18222381224511,MAR
IGKV3-11,5,8.064516129032258,21.383589500864243,MAR
HLA-A,0,0,29.725253462217317,Complete
CAPNS1,1,1.6129032258064515,21.740627976186,MAR
RPN1,0,0,22.92713610770535,Complete
RPN2,10,16.129032258064516,19.03642204546545,MAR
GNAI2,0,0,27.80965424360022,Complete
GYPC,0,0,25.03153877320421,Complete
ATP1A1,16,25.806451612903224,16.79869232233696,MAR
ATP1B1,0,0,24.88504494108209,Complete
APOD,11,17.741935483870968,19.367135390186423,MAR
ALDH2,4,6.451612903225806,17.7268584124219,MAR
S100A8,0,0,23.19002909909854,Complete
SLC25A5,0,0,21.721902606521788,Complete
SERPING1,0,0,23.365021784635722,Complete
CFI,0,0,22.107401629438968,Complete
PCCA,29,46.774193548387096,19.806145575651357,MNAR
RPLP1,29,46.774193548387096,16.677954036081275,MNAR
RPLP2,0,0,21.527986967766267,Complete
RPLP0,17,27.419354838709676,18.37173185021591,MAR
FABP3,37,59.67741935483871,17.064789402871757,MNAR
CLEC3B,28,45.16129032258064,20.396851288710945,MNAR
SSB,1,1.6129032258064515,17.110516791115263,MAR
ITGB1,0,0,24.128960242275767,Complete
KRT18,0,0,22.082862358814438,Complete
KRT8,0,0,22.88193947346982,Complete
MYL1,0,0,30.069668918299545,Complete
UROD,0,0,22.447943786100716,Complete
GSN,18,29.03225806451613,16.772631617342224,MAR
PTMA,0,0,25.403991285977966,Complete
ATP5F1B,0,0,23.58293268886591,Complete
S100A9,7,11.29032258064516,21.411224113125854,MAR
S100A6,0,0,25.46897762600831,Complete
EIF4E,0,0,21.729976672992496,Complete
CKM,0,0,23.257861901816106,Complete
ENO1,13,20.967741935483872,20.040013048335616,MAR
PYGL,0,0,20.446405807404265,Complete
GPI,0,0,21.383857864064446,Complete
NPM1,0,0,23.123601664257105,Complete
TPM3,0,0,22.958264120116308,Complete
LDHB,28,45.16129032258064,18.240295912472988,MNAR
GPX1,1,1.6129032258064515,20.28743304250292,MAR
P4HB,0,0,22.450668293953978,Complete
H1-0,0,0,31.484046468459493,Complete
CTSD,0,0,24.379967802230006,Complete
ANXA2,0,0,21.852618834667034,Complete
CAPN1,10,16.129032258064516,18.998722145766155,MAR
CA3,0,0,25.118535006899645,Complete
BPGM,2,3.225806451612903,20.781789354701335,MAR
APRT,10,16.129032258064516,21.242108874864925,MAR
EPRS1,0,0,25.52435101396447,Complete
HSP90AA1,37,59.67741935483871,17.117300615493924,MNAR
HNRNPC,0,0,31.39760597604064,Complete
LAMB1,0,0,18.24067784967471,Complete
TPM2,0,0,23.07134099740032,Complete
COL1A2,0,0,29.537604774456803,Complete
ANXA6,0,0,21.349479545687227,Complete
CD55,1,1.6129032258064515,20.13826236456414,MAR
PFKM,0,0,21.830249088234687,Complete
SOD3,0,0,23.231013098914545,Complete
CTSG,0,0,22.82732559612022,Complete
HMBS,0,0,21.71722990154717,Complete
MME,0,0,23.36342230011255,Complete
PDHA1,0,0,21.689090997929373,Complete
COL4A2,0,0,27.75636083573617,Complete
CYC1,9,14.516129032258066,19.627175098484017,MAR
CFH,3,4.838709677419355,19.182437345637798,MAR
SNRNP70,6,9.67741935483871,18.300748586358868,MAR
NFIC,0,0,21.905212117523096,Complete
VIM,0,0,21.108506194743295,Complete
SERPINF2,0,0,22.964428746554578,Complete
RPS17,0,0,21.26488916252776,Complete
KRT19,0,0,28.975259050776867,Complete
KRT7,15,24.193548387096776,18.678243682474534,MAR
ANXA5,14,22.58064516129032,16.54884102763563,MAR
RPSA,12,19.35483870967742,22.34449393882799,MAR
CD63,0,0,20.176558142021367,Complete
ENO2,0,0,24.88385372379794,Complete
ACAA1,0,0,23.422255113688976,Complete
GSTP1,0,0,30.39797299957505,Complete
HMGB1,17,27.419354838709676,19.84295646421708,MAR
RBP1,0,0,23.543160241377276,Complete
FBP1,16,25.806451612903224,15.019723856218302,MAR
SPARC,0,0,28.426288140408065,Complete
GSTM1,1,1.6129032258064515,21.64925608364335,MAR
TPM1,2,3.225806451612903,24.836815850837862,MAR
CLTB,0,0,22.230154965218098,Complete
ANXA4,4,6.451612903225806,20.493213939926612,MAR
CNP,0,0,32.38335805686337,Complete
HMOX1,0,0,29.932309724618133,Complete
DLD,2,3.225806451612903,24.345488874780923,MAR
HNRNPA1,0,0,27.454019455803223,Complete
COX6C,0,0,22.112401664230635,Complete
C1S,0,0,25.628932539319532,Complete
PARP1,0,0,23.45953421824435,Complete
IFIT2,0,0,25.435542718870266,Complete
UCHL1,0,0,25.069979716709994,Complete
LTA4H,0,0,21.745696072152548,Complete
ALDOC,0,0,24.369984547452553,Complete
C4A,0,0,22.632302908528736,Complete
H2AZ1,0,0,23.25947708542761,Complete
LIMS3,0,0,24.432097576749864,Complete
IGLC2,0,0,22.836170600705415,Complete
IGLC3,0,0,26.250508040653,Complete
CALM1,0,0,30.954265298954503,Complete
RO60,0,0,23.37645481612655,Complete
COX8A,0,0,24.13698076223757,Complete
GAA,0,0,25.498966312398675,Complete
RRAS,0,0,21.346457074057103,Complete
ARAF,0,0,21.95287993735706,Complete
DLAT,0,0,21.486198405650423,Complete
TXN,1,1.6129032258064515,20.189761718553427,MAR
COX5B,0,0,25.931692534869665,Complete
MAPT,0,0,25.04561067322358,Complete
UROS,0,0,27.35520023499849,Complete
ESD,0,0,25.27901343033528,Complete
HSPD1,2,3.225806451612903,19.55457307554004,MAR
THRB,0,0,26.655645858644686,Complete
MYL2,0,0,27.62918608622904,Complete
HSPA5,0,0,24.772423151200098,Complete
LAMC1,23,37.096774193548384,18.48053183198173,MNAR
MYH3,38,61.29032258064516,17.97536787712624,MNAR
PDHB,0,0,25.580944327786415,Complete
DBT,1,1.6129032258064515,21.341190626843293,MAR
PYGB,0,0,26.875917774227908,Complete
PYGM,0,0,28.02810789816571,Complete
RALA,5,8.064516129032258,18.661753595874384,MAR
SPTB,44,70.96774193548387,14.617601412492544,MNAR
LAMP1,11,17.741935483870968,18.41852105873325,MAR
ACADM,0,0,24.849252426046927,Complete
FLG,0,0,26.726086818208543,Complete
G6PD,10,16.129032258064516,18.27584851049667,MAR
UBL4A,5,8.064516129032258,20.815199287416956,MAR
DMD,0,0,25.172613302178338,Complete
IGF2R,0,0,23.86472231811974,Complete
ADH5,20,32.25806451612903,18.944914581707394,MNAR
PABPC1,0,0,22.220147754749316,Complete
COL6A1,11,17.741935483870968,18.3205455629513,MAR
COL6A2,0,0,30.077697673361467,Complete
SLC25A4,0,0,20.041717647603274,Complete
SLC25A6,0,0,25.34432379937303,Complete
IMPDH2,0,0,26.538961064405473,Complete
TPR,0,0,23.905603942364863,Complete
PIP,0,0,21.43516866474972,Complete
ANXA3,0,0,25.807648305021207,Complete
ACTN1,21,33.87096774193548,22.38489631159452,MAR
MYL4,0,0,28.42642916498108,Complete
MYH1,2,3.225806451612903,18.985548267692433,MAR
MYH7,1,1.6129032258064515,19.897738036362565,MAR
XRCC6,30,48.38709677419355,16.899585721529398,MNAR
XRCC5,0,0,25.64712534871564,Complete
COX4I1,10,16.129032258064516,18.472171524177107,MAR
IFITM1,0,0,26.522667961699955,Complete
RNH1,3,4.838709677419355,19.467772373659344,MAR
MYH8,0,0,25.736311893691273,Complete
NCAM1,0,0,22.312717915845226,Complete
VCAN,0,0,23.572379376047326,Complete
EEF2,11,17.741935483870968,26.38070626739414,MAR
KRT13,12,19.35483870967742,19.42139858366442,MAR
TPT1,21,33.87096774193548,20.838802540266485,MAR
ALAD,26,41.935483870967744,17.087280922728993,MNAR
LCP1,0,0,26.578901728552786,Complete
APEH,0,0,24.548085293390088,Complete
ETFA,0,0,22.773942832232617,Complete
TNNT1,0,0,27.135984592128164,Complete
GYS1,29,46.774193548387096,19.5420152041776,MNAR
PRKAR2A,35,56.451612903225815,17.432931478019405,MNAR
COL11A2,17,27.419354838709676,21.436951839131112,MAR
CD59,1,1.6129032258064515,18.14357147481939,MAR
MIF,0,0,21.500433508463857,Complete
CD99,31,50,15.266814287380262,MNAR
PRKCSH,0,0,24.34337876658296,Complete
FDPS,0,0,24.938853095826296,Complete
COX7A2,0,0,25.503495878308488,Complete
NID1,0,0,26.880029546733013,Complete
PKM,0,0,23.00114349982166,Complete
ACYP2,0,0,24.17845577787079,Complete
MYL6B,0,0,24.82162535607681,Complete
SLC2A4,0,0,24.458439901252728,Complete
SNRPB,1,1.6129032258064515,22.809365095620855,MAR
IDE,1,1.6129032258064515,19.615807532550523,MAR
COX6B1,0,0,28.25148200935823,Complete
HNRNPL,0,0,23.86210812338159,Complete
DARS1,3,4.838709677419355,20.04300580871971,MAR
JUP,1,1.6129032258064515,25.534870653691456,MAR
UQCRB,0,0,26.87076198723611,Complete
FABP4,24,38.70967741935484,18.35118421458123,MNAR
GLUL,0,0,25.476396282585274,Complete
AKR1B1,2,3.225806451612903,20.295191797530823,MAR
GSPT1,0,0,29.114550602359788,Complete
PGAM2,0,0,29.26091571223276,Complete
EZR,0,0,20.454278446812534,Complete
UCHL3,0,0,21.621440318610986,Complete
NME1,8,12.903225806451612,18.794611381098417,MAR
GNS,0,0,24.392397615032916,Complete
DSP,19,30.64516129032258,16.306232389602155,MNAR
RPA2,0,0,23.1522608020562,Complete
COX7C,0,0,22.53297974723496,Complete
NQO2,0,0,23.866775194500715,Complete
PFKFB1,0,0,20.132719300705645,Complete
ANK1,0,0,18.720506684331035,Complete
ACADS,1,1.6129032258064515,20.43422048566313,MAR
PPP3CB,8,12.903225806451612,19.310931676998806,MAR
MGMT,0,0,20.76405794335753,Complete
ATP2A2,0,0,27.079537290920623,Complete
CD36,0,0,26.887762461603156,Complete
FAH,0,0,22.195326696424004,Complete
TMEM11,0,0,31.104239491174148,Complete
GOT1,18,29.03225806451613,19.02362654754578,MAR
CKMT2,0,0,26.177985340973507,Complete
NDUFB7,11,17.741935483870968,18.052832160084762,MAR
PRKACA,0,0,24.07686172435312,Complete
DES,0,0,28.77027479771041,Complete
PFKL,0,0,29.21533246900283,Complete
GM2A,0,0,18.99523071526095,Complete
LGALS3,2,3.225806451612903,19.660638137132207,MAR
FLT1,0,0,19.70742318723218,Complete
PSMC3,0,0,27.12254617461173,Complete
TCP1,12,19.35483870967742,15.931884738193876,MAR
PTPN1,7,11.29032258064516,22.646751542600477,MAR
RPL35A,0,0,24.151118727591637,Complete
ARF4,25,40.32258064516129,19.870790608917567,MNAR
VCL,26,41.935483870967744,21.650202108245235,MAR
RPL17,1,1.6129032258064515,20.146905851642487,MAR
PGAM1,0,0,24.78646423191507,Complete
RCC1,0,0,25.54661832113256,Complete
KRT4,1,1.6129032258064515,20.988854787514345,MAR
TSPAN8,12,19.35483870967742,21.367439799746936,MAR
NCL,0,0,24.131115480613587,Complete
HK1,0,0,22.857259565009322,Complete
NDUFV2,7,11.29032258064516,18.550255558304723,MAR
SRM,15,24.193548387096776,19.488354464606946,MAR
TYMP,0,0,24.287328898831806,Complete
ATP2B1,0,0,24.799373458464462,Complete
EIF2S2,0,0,26.071714202863998,Complete
ANXA7,0,0,24.493771535352515,Complete
TPSB2,0,0,23.580792317227953,Complete
BTF3,0,0,30.134099910080526,Complete
PVALB,0,0,24.44556514797333,Complete
PSMB1,0,0,25.29861538550814,Complete
COX5A,0,0,18.41564407682113,Complete
OGN,0,0,20.29286088566667,Complete
CAPN3,0,0,20.313969129220943,Complete
CAST,0,0,22.58219033469821,Complete
NEB,5,8.064516129032258,18.356738564870817,MAR
PTMS,0,0,29.180961982313185,Complete
GSTM3,0,0,25.23907676643344,Complete
ATP6V1B2,0,0,24.469600526115798,Complete
CSRP1,0,0,23.308536663732063,Complete
FLNA,39,62.903225806451616,17.57337420136021,MNAR
ACO1,8,12.903225806451612,18.380107383781656,MAR
GPD1,0,0,25.333577954068986,Complete
VDAC1,1,1.6129032258064515,17.4035085034932,MAR
BGN,0,0,20.949250184792145,Complete
RYR1,25,40.32258064516129,19.60177122219797,MNAR
SDHB,0,0,25.903749210390096,Complete
CD9,15,24.193548387096776,19.872156549531383,MAR
BCKDHB,0,0,27.0883018284172,Complete
COMT,26,41.935483870967744,15.52018678903165,MNAR
TGM2,0,0,27.06322095279965,Complete
MMUT,6,9.67741935483871,18.37163002117386,MAR
OSBP,0,0,29.072186378404066,Complete
PCMT1,2,3.225806451612903,20.704952671512824,MAR
GART,0,0,21.844487012929097,Complete
TNXB,3,4.838709677419355,21.700550935269305,MAR
SCP2,0,0,21.627354348909503,Complete
GPX3,32,51.61290322580645,18.0235251315383,MNAR
NME2,0,0,25.981890788117134,Complete
SPRR2E,1,1.6129032258064515,22.397027296941374,MAR
FDXR,23,37.096774193548384,22.551311644132742,MAR
HNRNPA2B1,0,0,22.87683100661017,Complete
UQCRC2,20,32.25806451612903,19.31972175882304,MNAR
TGM1,0,0,24.51242557135047,Complete
FECH,0,0,21.780612834516695,Complete
AMPD1,10,16.129032258064516,16.790720502161857,MAR
CES1,9,14.516129032258066,17.553946333173595,MAR
ITGA6,0,0,28.491629728785558,Complete
SFPQ,0,0,23.584833623681842,Complete
PPIB,0,0,21.34007740715345,Complete
HRC,0,0,22.597400451294906,Complete
ME2,0,0,23.014867398811997,Complete
WARS1,0,0,26.984454977271817,Complete
RPS3,0,0,27.736496618649355,Complete
GCSH,0,0,22.51970713177091,Complete
AHCY,0,0,23.628668389795962,Complete
CFL1,0,0,22.858930122045866,Complete
EIF4B,0,0,24.42171210742756,Complete
ATP2B4,0,0,26.02693545150818,Complete
LAMA2,7,11.29032258064516,20.273160304165923,MAR
GPT,5,8.064516129032258,20.98423730828635,MAR
COX7A1,0,0,22.140887758283633,Complete
COX7B,0,0,21.46136609385687,Complete
ATP5PB,19,30.64516129032258,20.07831286646385,MNAR
IGFBP6,1,1.6129032258064515,17.169217197548296,MAR
ACP1,0,0,22.226112945703978,Complete
ACAT1,0,0,24.103449498800934,Complete
MYL9,0,0,20.8615986929714,Complete
MPZ,0,0,28.992995353929746,Complete
MPST,0,0,25.08758453276412,Complete
DNAJB2,9,14.516129032258066,18.04519402225157,MAR
ATP5F1A,0,0,26.009991651136477,Complete
PSMA1,0,0,21.857866939201827,Complete
PSMA2,0,0,24.202244425993538,Complete
PSMA3,0,0,25.41077066471544,Complete
PSMA4,29,46.774193548387096,20.367060662715648,MNAR
MSN,0,0,21.43044545874364,Complete
DDX6,2,3.225806451612903,18.96868176372373,MAR
U2AF2,3,4.838709677419355,21.76569401491426,MAR
RPL13,15,24.193548387096776,16.129513652752962,MAR
IVD,34,54.83870967741935,15.801598087770802,MNAR
S100A4,4,6.451612903225806,18.762064736064893,MAR
HMGB2,0,0,27.19401896115803,Complete
PTBP1,4,6.451612903225806,21.24170540572579,MAR
TARS1,10,16.129032258064516,20.13470506191978,MAR
VARS1,4,6.451612903225806,19.16866331713788,MAR
EEF1G,34,54.83870967741935,22.50807270657599,MNAR
PLN,0,0,22.996139513430975,Complete
FKBP2,0,0,26.613586457727777,Complete
YWHAQ,1,1.6129032258064515,21.82976542968918,MAR
MAPK3,0,0,21.60883704542795,Complete
CALML3,0,0,24.62462986996193,Complete
RPA1,14,22.58064516129032,20.629240458291807,MAR
APEX1,0,0,25.405349334601297,Complete
CALR,0,0,19.67877083297257,Complete
MAP4,0,0,23.599070025514518,Complete
CANX,0,0,26.182519637772607,Complete
PSMA5,0,0,22.377565443680165,Complete
PSMB4,0,0,21.65643566870262,Complete
PSMB6,0,0,26.686090714697887,Complete
PSMB5,0,0,27.468622699644882,Complete
GSTM2,5,8.064516129032258,19.522651105853036,MAR
TMOD1,0,0,24.381254155629126,Complete
NDUFS1,0,0,25.19028769167135,Complete
LAP3,0,0,20.63973582872021,Complete
CD38,13,20.967741935483872,18.099099902210074,MAR
S100A2,5,8.064516129032258,17.922571151876085,MAR
TPP2,3,4.838709677419355,18.66562131095346,MAR
IMPA1,0,0,23.933014059830544,Complete
EPHA2,3,4.838709677419355,19.515042310086315,MAR
COL4A5,0,0,19.418413549874888,Complete
TKT,8,12.903225806451612,17.91756393244944,MAR
NOS1,0,0,23.797792439621052,Complete
EEF1D,0,0,19.429937054489372,Complete
MARCKS,0,0,24.69137256531517,Complete
PRDX6,39,62.903225806451616,18.014128089006373,MNAR
BLVRB,0,0,20.726057563293647,Complete
PRDX5,0,0,27.260155583683357,Complete
PRDX3,0,0,21.8139769393251,Complete
ATP5F1D,2,3.225806451612903,24.6205241013806,MAR
ECHS1,14,22.58064516129032,17.87247951746353,MAR
PEBP1,6,9.67741935483871,17.07557404791537,MAR
PDIA3,1,1.6129032258064515,19.674838590067406,MAR
PPP2R1A,0,0,25.986478052763275,Complete
PPIF,0,0,23.532415035529052,Complete
NMT1,1,1.6129032258064515,20.352077379083184,MAR
ADSS2,0,0,22.456892140781722,Complete
LRPAP1,0,0,24.63124314402842,Complete
TSPO,14,22.58064516129032,20.610963548282694,MAR
ADSL,0,0,23.550833594125432,Complete
CLIP1,0,0,26.28119933628652,Complete
SRI,1,1.6129032258064515,19.87975534099351,MAR
SERPINB1,6,9.67741935483871,18.349034428312912,MAR
ALDH1B1,0,0,22.085626702228176,Complete
ALDH3A1,37,59.67741935483871,19.811637145564433,MNAR
SDHA,7,11.29032258064516,18.947573872778445,MAR
GDI1,0,0,23.02130335770659,Complete
MAT2A,0,0,26.154322668727477,Complete
CASQ1,0,0,20.249965297022737,Complete
DNAJA1,0,0,22.955144505605254,Complete
AKT2,0,0,25.620137328578522,Complete
HIBADH,0,0,22.55350180458119,Complete
ATIC,0,0,26.213519807903335,Complete
HNRNPH3,41,66.12903225806451,18.398255204202904,MNAR
YWHAB,0,0,20.35378652899442,Complete
SFN,1,1.6129032258064515,22.110805941656512,MAR
STIP1,0,0,22.123864856615054,Complete
S100A11,8,12.903225806451612,17.701247891054418,MAR
PRDX2,0,0,28.05511476793722,Complete
GBP1,0,0,23.14259806160153,Complete
GBP2,0,0,22.052141506011218,Complete
RPL9,0,0,23.568307833853353,Complete
ACSL1,0,0,22.99431857070548,Complete
KIF5B,0,0,24.14034007161091,Complete
DUT,11,17.741935483870968,17.447176801257996,MAR
MCM5,5,8.064516129032258,17.56533920316091,MAR
SHMT1,0,0,20.685083300696608,Complete
SHMT2,0,0,20.232474819113914,Complete
EPHX2,0,0,23.6332397364906,Complete
HSPA1L,3,4.838709677419355,20.738660241161206,MAR
MPI,11,17.741935483870968,16.625401019492937,MAR
GPC1,0,0,21.905026550561388,Complete
PFN2,0,0,24.11494942118743,Complete
CTNNA1,0,0,24.954650587206867,Complete
SERPINB6,3,4.838709677419355,19.59345300193153,MAR
RDX,3,4.838709677419355,19.429713304370186,MAR
RPA3,28,45.16129032258064,15.223219421147443,MNAR
RPL22,0,0,22.993031614724288,Complete
SPR,0,0,21.712926764445186,Complete
SPRR1A,11,17.741935483870968,17.41488449563902,MAR
THBS4,0,0,21.331198644023313,Complete
FBN1,10,16.129032258064516,17.430950022860348,MAR
AGL,3,4.838709677419355,20.44075603652608,MAR
MYH9,0,0,21.728464496766858,Complete
MYH10,0,0,23.076784789797905,Complete
COPB2,0,0,22.598118637182186,Complete
ACTN2,0,0,23.922271386866353,Complete
ADD1,0,0,22.313274577834527,Complete
BSG,0,0,22.840857064150377,Complete
FUS,0,0,22.73753389163651,Complete
DEK,0,0,25.762506286285422,Complete
MYH11,9,14.516129032258066,21.11780989733961,MAR
GLRX,0,0,24.852946524317456,Complete
PPM1A,0,0,20.11702192901131,Complete
KRT2,26,41.935483870967744,21.388745217107303,MAR
HMGCL,0,0,21.580119554035814,Complete
PSMC2,2,3.225806451612903,19.852803042598612,MAR
MAP2K2,0,0,20.74208247406065,Complete
ATP5F1C,0,0,22.58557108063522,Complete
ATP6V1E1,2,3.225806451612903,24.67147634349701,MAR
LONP1,11,17.741935483870968,16.90600837224812,MAR
POLR2I,27,43.54838709677419,16.653095493587852,MNAR
SERPINF1,0,0,23.555809410749507,Complete
DLST,4,6.451612903225806,19.63987973987803,MAR
GMPR,23,37.096774193548384,18.006799977159986,MNAR
GPX4,0,0,23.698704739419618,Complete
SRP14,0,0,19.492737150907978,Complete
HPCAL1,0,0,27.465099727059457,Complete
TAGLN2,0,0,25.719495045615176,Complete
TALDO1,0,0,25.00244605460458,Complete
SNCA,2,3.225806451612903,22.592176605661216,MAR
ETFB,0,0,26.174245103962203,Complete
ATP6V1A,0,0,25.577221928967337,Complete
HSPA9,0,0,20.898058833229562,Complete
RPS19,0,0,24.5468692163128,Complete
RPL3,1,1.6129032258064515,18.99127468125075,MAR
COL15A1,0,0,27.26643037375192,Complete
COL18A1,0,0,21.121868049820797,Complete
DDOST,0,0,23.75124217605665,Complete
ANP32A,1,1.6129032258064515,22.795072050591212,MAR
CAPG,0,0,22.191415798190995,Complete
CAP2,29,46.774193548387096,18.9515333068684,MNAR
CCT6A,4,6.451612903225806,22.054447825435783,MAR
NNMT,17,27.419354838709676,18.00423482152969,MAR
RPL13A,2,3.225806451612903,20.31575307363408,MAR
ARL1,0,0,23.15169091421241,Complete
STAT3,0,0,20.742676075016917,Complete
PEX19,3,4.838709677419355,18.62860434010134,MAR
MDH1,6,9.67741935483871,23.284762233371346,MAR
MDH2,0,0,21.849655649262978,Complete
HADHA,2,3.225806451612903,22.30795294894771,MAR
NAA10,0,0,24.87944167559446,Complete
PPP1R2,0,0,21.41925904575971,Complete
GARS1,15,24.193548387096776,17.85956513048692,MAR
IARS1,0,0,19.920035468687303,Complete
EIF1,0,0,29.03006834458202,Complete
ECI1,37,59.67741935483871,16.192832711981684,MNAR
TMPO,23,37.096774193548384,17.45310016909521,MNAR
STAT1,0,0,26.679513843183905,Complete
AKR1C3,0,0,24.46127995388383,Complete
MTOR,0,0,22.125056326402287,Complete
CASP3,5,8.064516129032258,16.52259927647074,MAR
CASP2,0,0,19.839308984451257,Complete
RPS27,0,0,25.915712874666653,Complete
ACAA2,0,0,23.452807901607112,Complete
RPL35,1,1.6129032258064515,18.422913066309274,MAR
SLC1A4,0,0,26.870944082812315,Complete
MCAM,27,43.54838709677419,17.746806064513464,MNAR
GPD2,0,0,24.961391796888478,Complete
NAMPT,0,0,22.880444130951084,Complete
TSFM,8,12.903225806451612,24.422930895807546,MAR
TNNT3,2,3.225806451612903,19.402570269285686,MAR
ASPA,14,22.58064516129032,22.28746753935698,MAR
ACADSB,0,0,20.85498689705462,Complete
USP5,0,0,22.571190102379152,Complete
MAPK9,5,8.064516129032258,17.85109427163112,MAR
MAP2K4,0,0,23.882021758689145,Complete
PHKA2,21,33.87096774193548,15.421415692909388,MNAR
PHKA1,0,0,24.711576843920607,Complete
RANGAP1,0,0,21.922270117367542,Complete
CRK,0,0,22.064547011918417,Complete
CRKL,12,19.35483870967742,18.043019223685345,MAR
MTIF2,0,0,22.240263373094432,Complete
BAG6,3,4.838709677419355,20.989842944257628,MAR
MAP2K3,21,33.87096774193548,17.971402906422785,MNAR
RPL27A,0,0,23.876982173762265,Complete
RPL5,3,4.838709677419355,20.95135547738823,MAR
RPL28,0,0,25.89886208551091,Complete
RPS9,0,0,24.17365140968406,Complete
RPS10,26,41.935483870967744,16.006879302332415,MNAR
GNPDA1,0,0,25.130349698534744,Complete
UTRN,20,32.25806451612903,17.11340084448032,MNAR
IQGAP1,0,0,23.13540992492133,Complete
GYG1,1,1.6129032258064515,19.67811812912846,MAR
STT3A,26,41.935483870967744,19.720710424481492,MNAR
CAPZA2,15,24.193548387096776,19.518434063381047,MAR
CAPZB,1,1.6129032258064515,22.21221359530189,MAR
EIF1AX,1,1.6129032258064515,19.645294731072322,MAR
QARS1,0,0,23.39939721889228,Complete
RPL29,3,4.838709677419355,21.416377035350486,MAR
LGALS7,0,0,22.5762617571779,Complete
UQCRFS1,25,40.32258064516129,17.330358263515052,MNAR
ATP5PO,4,6.451612903225806,18.22182585424921,MAR
LIMS1,0,0,26.237907006091508,Complete
PREP,9,14.516129032258066,19.410217795347098,MAR
PIP4K2A,2,3.225806451612903,20.298017021424126,MAR
ARCN1,0,0,21.24165946001825,Complete
LSS,0,0,27.57467123961754,Complete
PPP3CC,32,51.61290322580645,15.684852933117766,MNAR
GCLM,2,3.225806451612903,19.37785818587965,MAR
CD151,0,0,24.875756915855476,Complete
PSMD8,0,0,20.38991635183605,Complete
GSS,0,0,21.71033602506267,Complete
CCT5,4,6.451612903225806,19.036806815358105,MAR
IDH2,0,0,19.967220859748057,Complete
PITPNB,0,0,22.131099836965912,Complete
TNNI2,34,54.83870967741935,18.875221686068937,MNAR
PXN,0,0,24.153346486105942,Complete
MAPKAPK2,1,1.6129032258064515,20.346451090272602,MAR
ALDH9A1,0,0,24.323975174831816,Complete
RPL34,0,0,21.504991749475455,Complete
RPIA,15,24.193548387096776,18.107101289873448,MAR
LMAN1,13,20.967741935483872,17.01813795536527,MAR
NASP,23,37.096774193548384,15.923326294130119,MNAR
FASN,3,4.838709677419355,21.46532213199913,MAR
FNTA,1,1.6129032258064515,21.611493264355026,MAR
CCT3,35,56.451612903225815,15.446746568534639,MNAR
MRPL19,0,0,23.635191145683876,Complete
TUFM,0,0,24.85105985125952,Complete
CDC34,1,1.6129032258064515,23.616119739447342,MAR
SRP9,4,6.451612903225806,17.925049222502057,MAR
AARS1,0,0,28.359538593561762,Complete
CARS1,0,0,27.698991553841843,Complete
SARS1,0,0,26.086351354651562,Complete
PSMB3,0,0,19.527009611960967,Complete
PSMB2,18,29.03225806451613,16.716162596902002,MAR
COMP,0,0,21.11906289890237,Complete
ACADVL,2,3.225806451612903,19.566388092028102,MAR
ACOT2,8,12.903225806451612,17.223575434749762,MAR
TMED10,2,3.225806451612903,20.802163187269812,MAR
HINT1,0,0,24.55468617280758,Complete
NDUFV1,32,51.61290322580645,15.593407302155422,MNAR
GSK3B,0,0,21.349087512840608,Complete
IDH3A,0,0,21.411495747180453,Complete
SULT1A1,0,0,22.69490785723599,Complete
GDI2,0,0,24.404254301918858,Complete
EMD,1,1.6129032258064515,20.80508160838299,MAR
CPT1A,24,38.70967741935484,18.335578893252062,MNAR
GATM,0,0,21.362646461225243,Complete
CSRP3,0,0,25.44183973232445,Complete
DNM2,0,0,22.13425639392462,Complete
METAP2,0,0,21.129712326792113,Complete
NUDT2,15,24.193548387096776,18.294620732153483,MAR
LRBA,0,0,21.05714304665993,Complete
BCAM,2,3.225806451612903,17.702394564895467,MAR
PPT1,0,0,27.219584324526668,Complete
RPL14,16,25.806451612903224,18.81245258169338,MAR
CCT8,23,37.096774193548384,16.590783092078603,MNAR
CCT4,0,0,25.65110664079365,Complete
ATP1A2,2,3.225806451612903,22.17612668372244,MAR
ANXA11,0,0,21.257988370880653,Complete
FXR2,8,12.903225806451612,17.990556016398607,MAR
RAB5C,0,0,22.09822438468378,Complete
RAB7A,0,0,23.033952669258824,Complete
DUSP3,0,0,20.83010835416735,Complete
IDH3G,34,54.83870967741935,20.616363309824344,MNAR
GALK1,27,43.54838709677419,16.082461496738073,MNAR
SSR4,1,1.6129032258064515,20.37003251081241,MAR
CYP2J2,0,0,21.063665937734946,Complete
MECP2,2,3.225806451612903,21.328343976772786,MAR
HCFC1,0,0,20.655855549754513,Complete
ALDH3A2,0,0,19.875526898083596,Complete
ALDH5A1,0,0,22.03914727423649,Complete
HSD17B4,0,0,21.481260417023233,Complete
PSMD7,0,0,21.758658991591147,Complete
UBE2D1,1,1.6129032258064515,22.112362800091734,MAR
SUOX,1,1.6129032258064515,20.535990800919024,MAR
STAT5B,17,27.419354838709676,17.375337392739088,MAR
DYNLT3,0,0,25.92307379895595,Complete
RPS6KA3,6,9.67741935483871,16.261510006443533,MAR
HDGF,0,0,21.814925526482206,Complete
LUM,0,0,22.298786199661336,Complete
PRELP,0,0,18.679021470900715,Complete
CNN1,0,0,20.260473664355796,Complete
NDUFA8,0,0,19.929261012589258,Complete
MYOM1,0,0,25.639671556788695,Complete
PGD,0,0,26.320893711979497,Complete
HNRNPM,10,16.129032258064516,19.217963039634697,MAR
KPNA1,0,0,23.64720174895129,Complete
MAP2K6,0,0,21.571127858563468,Complete
ARHGDIA,19,30.64516129032258,17.530638581020025,MNAR
ARHGDIB,7,11.29032258064516,16.67771221666337,MAR
RIDA,6,9.67741935483871,19.61483845204531,MAR
MRPL12,5,8.064516129032258,17.216826849920295,MAR
THOP1,8,12.903225806451612,17.020217557541,MAR
AKR1C2,1,1.6129032258064515,22.214847017518178,MAR
CRIP2,0,0,20.556788338216833,Complete
BLVRA,0,0,22.128213537778237,Complete
NUBP1,36,58.06451612903226,20.104618054455138,MNAR
METAP1,0,0,27.90729752085696,Complete
PGGT1B,0,0,26.641527511539127,Complete
COPB1,22,35.483870967741936,14.496809129021036,MNAR
HCCS,0,0,23.813631625702392,Complete
MAPK12,10,16.129032258064516,17.291079479884875,MAR
SMTN,2,3.225806451612903,18.706750744712902,MAR
SEC24C,6,9.67741935483871,17.25218846145727,MAR
SUB1,0,0,22.349251639120943,Complete
CLNS1A,23,37.096774193548384,18.071913352792315,MNAR
RARS1,0,0,24.2215759251009,Complete
CACNB3,2,3.225806451612903,17.953198958941606,MAR
CACNA2D1,1,1.6129032258064515,24.04795045881854,MAR
USP14,8,12.903225806451612,17.14709594921712,MAR
PRKAG1,0,0,19.46975331342152,Complete
PRKAA2,18,29.03225806451613,18.01155183421124,MAR
HSPA2,6,9.67741935483871,17.733939252989007,MAR
RAD23A,0,0,21.682907042571284,Complete
RAD23B,0,0,22.998283744722244,Complete
HMGCS2,0,0,25.695757174803518,Complete
NAPA,0,0,24.17299826896411,Complete
ADPRH,13,20.967741935483872,20.46719481342884,MAR
EIF5,0,0,25.444478548242817,Complete
PSMD4,0,0,24.483321711221926,Complete
DRG2,10,16.129032258064516,16.13367075023518,MAR
RRAD,6,9.67741935483871,17.328878667037063,MAR
HADHB,0,0,24.346578589149114,Complete
NAP1L1,7,11.29032258064516,16.933348287317347,MAR
ADK,0,0,23.614951338596565,Complete
LAMB2,5,8.064516129032258,17.949525495947658,MAR
CDH13,10,16.129032258064516,18.80676322697474,MAR
SEC13,39,62.903225806451616,20.265096416024413,MNAR
SNU13,0,0,27.414383485181073,Complete
NPEPPS,0,0,24.25744514575584,Complete
GFER,0,0,20.116003499150576,Complete
HNRNPH2,6,9.67741935483871,18.850203567372525,MAR
OXCT1,30,48.38709677419355,19.719243480066336,MNAR
SH3BGR,12,19.35483870967742,20.92137993090413,MAR
EIF3B,3,4.838709677419355,16.170512897022622,MAR
NDUFV3,10,16.129032258064516,20.60729076881102,MAR
MARS1,0,0,22.64058629895647,Complete
ARPP19,0,0,22.12574548537678,Complete
ATP5F1E,0,0,23.417911265210453,Complete
ATP5ME,0,0,23.509673387315832,Complete
EIF6,3,4.838709677419355,20.267551947884986,MAR
NDUFA6,0,0,21.93834918324904,Complete
TMEM33,0,0,23.21707658920388,Complete
SESN3,0,0,24.505467637451055,Complete
MTPN,0,0,22.310471661211405,Complete
DEFA3,8,12.903225806451612,20.17068948503813,MAR
ARPC4,30,48.38709677419355,13.0636367669782,MNAR
CD81,0,0,21.896653357322194,Complete
EIF3E,19,30.64516129032258,16.23157603946036,MNAR
GABARAPL2,39,62.903225806451616,15.977654622876658,MNAR
ROMO1,0,0,20.455064150573282,Complete
MYL6,0,0,22.87339174784073,Complete
ACTB,0,0,17.99144504828303,Complete
EIF4A1,0,0,20.21878237104308,Complete
RPS20,0,0,21.91810757984263,Complete
PRPS1,0,0,20.565962873391417,Complete
PSMA6,2,3.225806451612903,19.014218003960924,MAR
CDC42,0,0,20.68820316138519,Complete
DSTN,0,0,21.169904317426308,Complete
RAB2A,0,0,23.3705326273217,Complete
RAB5B,4,6.451612903225806,19.495530351187384,MAR
UBE2D3,0,0,24.244883116975913,Complete
UBE2M,13,20.967741935483872,17.43858122135632,MAR
UBE2K,0,0,24.759426729706632,Complete
UBE2N,0,0,21.269695306638294,Complete
RAB14,17,27.419354838709676,18.303194785931687,MAR
ACTR3,2,3.225806451612903,21.272759086513574,MAR
ACTR2,0,0,21.72497552824929,Complete
ACTR1A,0,0,23.611664814598022,Complete
COPS2,5,8.064516129032258,17.962820535548467,MAR
ABCE1,0,0,22.949806737360095,Complete
RPL26,17,27.419354838709676,17.659271073631672,MAR
RPL15,6,9.67741935483871,17.557673165409867,MAR
RPL27,20,32.25806451612903,20.934099753224242,MAR
ATP6V0D1,0,0,22.04528417841142,Complete
PCBD1,8,12.903225806451612,17.67197239059566,MAR
RPL37A,0,0,20.445607854551103,Complete
RHOA,4,6.451612903225806,20.56519549130936,MAR
HSPE1,24,38.70967741935484,15.867497122745835,MNAR
LYZ,0,0,24.957495562820316,Complete
DAD1,5,8.064516129032258,17.810877063116674,MAR
NPC2,6,9.67741935483871,18.685640428790514,MAR
PKIA,2,3.225806451612903,21.274485683568024,MAR
UFM1,4,6.451612903225806,19.425939606460247,MAR
NUTF2,0,0,23.348217179110073,Complete
HNRNPK,0,0,19.394512381634904,Complete
YWHAG,3,4.838709677419355,21.876102333074368,MAR
RRAS2,2,3.225806451612903,18.987482834550008,MAR
PPP1CA,0,0,19.67804824277822,Complete
PPP1CB,0,0,22.406302803932615,Complete
PSMC1,0,0,23.212107411103457,Complete
PSMC5,0,0,25.71915181584625,Complete
RPS8,5,8.064516129032258,19.27655014881007,MAR
RPS15A,0,0,22.405359959931836,Complete
RPS16,0,0,21.47498630973773,Complete
UBE2G1,0,0,20.726148530823693,Complete
YWHAE,0,0,24.302329594280735,Complete
RPS14,0,0,21.896994900249528,Complete
RPS23,0,0,22.194991510771864,Complete
RPS18,0,0,23.284446018488907,Complete
RPS11,0,0,23.46283339094304,Complete
SNRPG,0,0,21.609832565812212,Complete
LSM6,0,0,22.534639727076584,Complete
SNRPD1,36,58.06451612903226,16.93945409933928,MNAR
SNRPD2,29,46.774193548387096,18.905597151578,MNAR
SNRPD3,0,0,22.142310717451263,Complete
TMSB4X,0,0,23.264082385432957,Complete
RPL7A,0,0,26.001548677548012,Complete
ETF1,2,3.225806451612903,21.437290962116652,MAR
CNBP,4,6.451612903225806,19.868676394169267,MAR
RPS4X,8,12.903225806451612,19.763658210436805,MAR
PPP2CB,0,0,21.86092586682308,Complete
RPS6,8,12.903225806451612,17.830142954068698,MAR
H2BC4,5,8.064516129032258,17.59366850762126,MAR
RAB1A,0,0,24.82248150836628,Complete
RPL23,37,59.67741935483871,19.07110110359917,MNAR
RAP1A,24,38.70967741935484,18.083288935468865,MNAR
RPS15,0,0,24.11151188760276,Complete
RPS24,0,0,18.86856810805117,Complete
RPS25,0,0,25.536350580754245,Complete
RPS26,0,0,21.867388014581095,Complete
RPS28,32,51.61290322580645,17.57642676045559,MNAR
GNB1,6,9.67741935483871,20.175289268506823,MAR
RPL30,0,0,24.178399799235038,Complete
RPL31,0,0,25.186993715232376,Complete
RPL10A,2,3.225806451612903,20.68554231652638,MAR
RPL11,0,0,23.702901187258,Complete
PPIA,0,0,20.747780189153694,Complete
FKBP1A,27,43.54838709677419,16.117448017959738,MNAR
RAC1,0,0,21.089345853372045,Complete
AP2B1,0,0,22.081522996219217,Complete
VAMP2,6,9.67741935483871,19.027613656184325,MAR
PPP3R1,20,32.25806451612903,17.49578715631352,MNAR
YWHAZ,0,0,29.330072129492642,Complete
UBE2B,1,1.6129032258064515,19.330182118520568,MAR
PPP2R2A,32,51.61290322580645,16.190225668152376,MNAR
DYNLL1,16,25.806451612903224,18.808876844168253,MAR
DYNLT1,0,0,18.8902056957373,Complete
RPL38,0,0,28.79446187814643,Complete
SKP1,0,0,30.900507056691325,Complete
GNG5,0,0,22.85291971706315,Complete
RPS21,0,0,22.573602845591445,Complete
EIF5A,0,0,22.08333280554618,Complete
RACK1,0,0,23.758448981953684,Complete
UBE2I,0,0,22.012566857999026,Complete
SELENOW,1,1.6129032258064515,22.274969950902367,MAR
TNNC1,2,3.225806451612903,21.6690807493664,MAR
PPP2CA,0,0,21.19863100019917,Complete
YBX1,2,3.225806451612903,20.244349157193515,MAR
CSNK2B,0,0,22.245635756393945,Complete
TPM4,0,0,23.417247683710322,Complete
ACTC1,0,0,21.65555315606942,Complete
UBE2L3,3,4.838709677419355,18.95252887862152,MAR
EEF1A1,0,0,23.92614754685206,Complete
ACTA1,2,3.225806451612903,19.673151977329116,MAR
TUBA1B,0,0,19.233359360067148,Complete
TUBA4A,0,0,19.0998632587723,Complete
TUBB4B,0,0,22.142618362904713,Complete
CSNK2A1,0,0,22.547651112049586,Complete
PAFAH1B2,0,0,19.14393474569771,Complete
HBB,0,0,23.116798232199884,Complete
HBA1,0,0,22.493963463005727,Complete
IGBP1,0,0,20.859036744790465,Complete
EIF4G2,4,6.451612903225806,21.8797301971305,MAR
GSTO1,0,0,22.863848406480912,Complete
DENND2B,11,17.741935483870968,18.407344809917358,MAR
PRKDC,0,0,23.262827470460564,Complete
CRADD,0,0,24.63502438719665,Complete
BASP1,36,58.06451612903226,16.933981875748824,MNAR
MRPS22,0,0,23.248776897805314,Complete
MRPS25,7,11.29032258064516,21.217759749294085,MAR
MRPS5,30,48.38709677419355,14.56166515943145,MNAR
MRPS36,0,0,21.162613265592856,Complete
MRPS15,3,4.838709677419355,18.637529575321416,MAR
MRPS21,20,32.25806451612903,18.81804645739379,MNAR
MRPS34,0,0,24.362449183405534,Complete
SARNP,0,0,21.88354086017146,Complete
LACTB,0,0,25.541114836244347,Complete
RPL24,2,3.225806451612903,19.707902021290028,MAR
SMAD3,0,0,20.006642524960302,Complete
ARF1,1,1.6129032258064515,20.44659394297507,MAR
ARF5,0,0,22.54910063211984,Complete
ERH,0,0,22.74285156245755,Complete
RHOG,0,0,21.395972004351595,Complete
RPL19,0,0,20.79744419752094,Complete
SRSF3,0,0,20.900174469811898,Complete
MXRA7,1,1.6129032258064515,22.25239857744404,MAR
H3-3A,0,0,23.344835447052983,Complete
FBLN2,32,51.61290322580645,14.957519693645878,MNAR
HSPG2,0,0,26.923873382325787,Complete
RBM3,0,0,21.17679711263427,Complete
CYCS,1,1.6129032258064515,18.759068175194322,MAR
MPP1,0,0,22.07713133308722,Complete
TFAM,0,0,22.393784418619724,Complete
PITPNA,1,1.6129032258064515,22.828760906880778,MAR
FKBP3,13,20.967741935483872,17.942982656516854,MAR
REEP5,1,1.6129032258064515,20.182849912981144,MAR
SORD,1,1.6129032258064515,19.761070020881895,MAR
HNRNPU,0,0,22.42591185327104,Complete
MYBPC1,4,6.451612903225806,19.956306830540743,MAR
PLIN5,3,4.838709677419355,18.177488243360074,MAR
SPTBN1,0,0,21.09946056337803,Complete
TIAL1,0,0,21.681568237920118,Complete
AMPD3,0,0,21.79993658453077,Complete
FABP5,2,3.225806451612903,20.231520638703095,MAR
ANK2,0,0,24.986796733522958,Complete
CAP1,0,0,25.889099966884274,Complete
ATP2B2,3,4.838709677419355,18.298354022410088,MAR
EWSR1,0,0,24.016502972004176,Complete
TAGLN,1,1.6129032258064515,21.226734112932533,MAR
DHODH,34,54.83870967741935,14.614874553173125,MNAR
OGDH,0,0,21.834291032238976,Complete
COX6A2,5,8.064516129032258,20.58044657957455,MAR
ALDH6A1,0,0,22.88758981151814,Complete
CYP27A1,0,0,20.399404394322335,Complete
BDH1,0,0,21.192229727665293,Complete
COL7A1,0,0,22.448556692588753,Complete
DSG1,0,0,19.85397356734395,Complete
RPL18A,0,0,20.09204530822747,Complete
CACNB1,0,0,20.621764747078085,Complete
MAP2K1,0,0,21.409817852212488,Complete
FKBP4,17,27.419354838709676,18.191089677222926,MAR
NUCB1,7,11.29032258064516,19.043561616536397,MAR
RPL6,2,3.225806451612903,21.21294063391679,MAR
AKAP12,0,0,25.518044161281516,Complete
SLC25A11,0,0,22.017789353563906,Complete
DST,0,0,26.387494934181717,Complete
GSTM4,0,0,20.404304637490707,Complete
CAV1,0,0,22.367247078555256,Complete
ACY1,5,8.064516129032258,19.43258717837962,MAR
LMNB2,38,61.29032258064516,17.618646029369184,MNAR
UBXN1,1,1.6129032258064515,21.596305502721275,MAR
GBE1,0,0,22.389286726869663,Complete
EIF4G1,17,27.419354838709676,18.70980335654105,MAR
PRKCQ,0,0,21.67396852947869,Complete
GLO1,1,1.6129032258064515,22.409050579155952,MAR
AKR1C1,5,8.064516129032258,21.64019123267226,MAR
SSBP1,12,19.35483870967742,20.73393923715153,MAR
YWHAH,0,0,22.267636425794652,Complete
UBE3A,0,0,23.056890491918946,Complete
PTK2,0,0,25.074432443206987,Complete
SRSF11,0,0,21.81546122897896,Complete
EEF1A2,1,1.6129032258064515,20.4170012101799,MAR
PRKCD,7,11.29032258064516,18.940591753902346,MAR
CALD1,0,0,26.169557942036295,Complete
COL14A1,0,0,22.621290221976473,Complete
ATP5MC2,0,0,22.705711951418603,Complete
PTPN11,1,1.6129032258064515,19.09087208499652,MAR
GFPT1,6,9.67741935483871,18.16662453437647,MAR
CACNG1,0,0,22.314371958738395,Complete
ZNF33A,0,0,28.014169060492936,Complete
PRDX1,0,0,31.332517617544802,Complete
RPL18,0,0,25.747391406333172,Complete
C1QBP,0,0,25.21983412226859,Complete
CKAP4,0,0,25.487906510777208,Complete
TJP1,0,0,19.524131671954056,Complete
DPT,22,35.483870967741936,19.43991563678452,MNAR
KHDRBS1,0,0,32.24462279709912,Complete
SCN1B,0,0,22.607191284910652,Complete
LRP1,0,0,31.77140084345639,Complete
ARHGAP1,8,12.903225806451612,18.234800254743153,MAR
ACTN3,6,9.67741935483871,16.416491755208448,MAR
PPP3CA,0,0,24.898701629680613,Complete
DHX9,0,0,24.049369884426476,Complete
CRYZ,2,3.225806451612903,20.114829847884458,MAR
LGALS3BP,9,14.516129032258066,18.592254140182177,MAR
PPID,16,25.806451612903224,16.78238438862136,MAR
RBBP4,0,0,22.853390467823207,Complete
LMOD3,8,12.903225806451612,18.085273664255034,MAR
HSPA14,33,53.2258064516129,15.310872299138303,MNAR
SCRN3,18,29.03225806451613,17.22138022341572,MAR
NEXN,4,6.451612903225806,22.224896519972496,MAR
AP1B1,24,38.70967741935484,17.171176951513527,MNAR
BST1,16,25.806451612903224,15.297544749652754,MAR
PMPCA,21,33.87096774193548,15.865483705290552,MNAR
ASPH,0,0,21.590807633124086,Complete
EFEMP1,2,3.225806451612903,19.677674243190015,MAR
GRSF1,1,1.6129032258064515,22.185618496195328,MAR
NFIA,7,11.29032258064516,18.60530358018299,MAR
AIMP1,22,35.483870967741936,16.572714072458602,MNAR
ILF2,29,46.774193548387096,14.35116456967499,MNAR
ILF3,0,0,21.741440709381802,Complete
LMAN2,28,45.16129032258064,20.05729614046134,MNAR
EPS8,33,53.2258064516129,15.807253681858793,MNAR
TRAP1,0,0,24.517156837973403,Complete
ANK3,27,43.54838709677419,17.570591843986865,MNAR
BNIP3,0,0,21.91812269174829,Complete
HSPB3,4,6.451612903225806,19.14646930816788,MAR
ECH1,0,0,26.724783998342797,Complete
STRN3,30,48.38709677419355,15.432623108515507,MNAR
TRIM32,2,3.225806451612903,21.133265555891107,MAR
COASY,23,37.096774193548384,16.804648473655163,MNAR
TRDN,0,0,26.206640819264912,Complete
ACACA,31,50,15.897129152551676,MNAR
GPS1,1,1.6129032258064515,18.334069421650682,MAR
MTAP,0,0,21.123434404327053,Complete
PRKAA1,0,0,25.11858305660493,Complete
TARDBP,0,0,24.506121733150284,Complete
PAK1,16,25.806451612903224,17.72800612716444,MAR
AIMP2,0,0,19.66327181016332,Complete
PRDX4,0,0,27.9441036756069,Complete
PAK2,13,20.967741935483872,17.483867753180952,MAR
CBX3,0,0,20.412726175421195,Complete
PSMD2,16,25.806451612903224,20.42791218843072,MAR
MYBPH,8,12.903225806451612,19.98807458210087,MAR
SELENBP1,1,1.6129032258064515,24.454418533128834,MAR
NME3,0,0,22.876803297379393,Complete
SRSF6,12,19.35483870967742,22.638882553719032,MAR
TRIM28,1,1.6129032258064515,21.281104574372613,MAR
PABPC4,21,33.87096774193548,17.127760510472054,MNAR
ATM,2,3.225806451612903,21.786055969109814,MAR
EIF3I,0,0,25.10051009512319,Complete
CTBP1,14,22.58064516129032,23.16430181076971,MAR
UBE2V1,1,1.6129032258064515,19.822190581697896,MAR
DYNC1I2,2,3.225806451612903,20.033889683324503,MAR
ILK,7,11.29032258064516,20.12721264027854,MAR
SNTB2,19,30.64516129032258,19.19529544131059,MNAR
SF3B2,0,0,22.694995932306504,Complete
PDAP1,0,0,21.605646501950257,Complete
TMED1,0,0,20.404897426941634,Complete
PICALM,0,0,20.690411947897744,Complete
MTM1,11,17.741935483870968,16.14963137637788,MAR
SQSTM1,0,0,24.411272620802638,Complete
ASAH1,0,0,22.21682615635609,Complete
PPP1R1A,0,0,20.813552376467904,Complete
PIN1,4,6.451612903225806,19.959638523912616,MAR
CAMK2G,1,1.6129032258064515,16.30922608546099,MAR
CAMK2D,0,0,22.78089053186181,Complete
DCTN2,0,0,20.842053839311294,Complete
DGKZ,19,30.64516129032258,18.225655918114395,MNAR
STIM1,0,0,25.54683426893185,Complete
SNX1,2,3.225806451612903,22.80467099090773,MAR
CUL1,0,0,21.911960487087963,Complete
CUL2,0,0,21.76789321539426,Complete
CUL3,29,46.774193548387096,15.890796204333704,MNAR
CUL4A,6,9.67741935483871,16.81284522682513,MAR
FHL1,31,50,16.673405677556705,MNAR
FHL3,0,0,27.13315481012973,Complete
AAMP,28,45.16129032258064,16.89397158059216,MNAR
CACNA1S,6,9.67741935483871,24.211635653549223,MAR
AUH,7,11.29032258064516,17.876894849546314,MAR
DDX39B,0,0,21.600453476822448,Complete
BLMH,3,4.838709677419355,17.02337152757574,MAR
SNTB1,0,0,22.49968847317769,Complete
TUBB2A,0,0,26.629099349276625,Complete
IDI1,9,14.516129032258066,20.98712535834548,MAR
PRKG1,0,0,23.557283179550765,Complete
CKAP5,28,45.16129032258064,17.94689573952963,MNAR
COX17,26,41.935483870967744,18.010982711986447,MNAR
NID2,17,27.419354838709676,16.910186221845695,MAR
DAG1,23,37.096774193548384,18.14286605143381,MNAR
TRIM29,5,8.064516129032258,17.037191121214768,MAR
EIF3A,7,11.29032258064516,23.7929116567789,MAR
GIT2,0,0,23.229686849766903,Complete
MLEC,6,9.67741935483871,18.825824298797663,MAR
WRN,0,0,22.81795659124678,Complete
DPYSL3,8,12.903225806451612,21.158038581551562,MAR
DYNC1H1,5,8.064516129032258,21.171342173815958,MAR
EIF2B1,1,1.6129032258064515,18.92941421610482,MAR
EIF4A2,30,48.38709677419355,19.065816093146047,MNAR
CTTN,0,0,22.45289062425174,Complete
FLOT2,0,0,24.839460701789775,Complete
TRIM25,24,38.70967741935484,16.2258632489153,MNAR
MYBPC2,29,46.774193548387096,15.566436356513663,MNAR
GAMT,20,32.25806451612903,18.356228624299522,MNAR
CAPRIN1,3,4.838709677419355,20.693245408206383,MAR
PRPSAP1,22,35.483870967741936,15.77869614449033,MNAR
PUM1,9,14.516129032258066,18.70370780633323,MAR
CLINT1,25,40.32258064516129,17.639985436957012,MNAR
LPIN1,16,25.806451612903224,14.131143060941572,MAR
GANAB,7,11.29032258064516,18.932957446404966,MAR
RFTN1,36,58.06451612903226,17.57285096428478,MNAR
SSPN,32,51.61290322580645,14.951062710343399,MNAR
PPP2R5D,13,20.967741935483872,19.698574970114432,MAR
NAA30,0,0,20.57566055446625,Complete
CRYM,12,19.35483870967742,19.893542415679548,MAR
NUMA1,4,6.451612903225806,21.463993512830513,MAR
SLMAP,0,0,20.79866212897354,Complete
GAPVD1,5,8.064516129032258,16.789226568417124,MAR
PSMD6,0,0,21.361051864620002,Complete
ABRAXAS2,0,0,25.201541154228842,Complete
SEPTIN2,6,9.67741935483871,19.31675675601102,MAR
KARS1,13,20.967741935483872,18.804460886677685,MAR
EIF4H,1,1.6129032258064515,22.51941303261625,MAR
POSTN,0,0,24.18535455456654,Complete
OXA1L,0,0,21.618980337666716,Complete
EEA1,7,11.29032258064516,18.2347355346277,MAR
PDIA6,0,0,20.6699810330365,Complete
PAFAH1B3,5,8.064516129032258,20.166864653871652,MAR
PLCL1,41,66.12903225806451,16.011766558540426,MNAR
PCOLCE,0,0,20.2101454092343,Complete
PDK1,5,8.064516129032258,19.925583962039806,MAR
PDK2,0,0,19.77977746997305,Complete
PEA15,26,41.935483870967744,15.86660999687829,MNAR
PGM5,0,0,21.752823603148943,Complete
PLEC,9,14.516129032258066,20.611199153757383,MAR
PPP2R5A,0,0,24.642131924606474,Complete
STK38,9,14.516129032258066,17.542925400142874,MAR
NECTIN1,15,24.193548387096776,16.299803606767462,MAR
NONO,17,27.419354838709676,20.320112663973656,MAR
RABEP1,0,0,22.6210029573183,Complete
RAB35,4,6.451612903225806,19.09667557314257,MAR
RCN1,6,9.67741935483871,19.863224778760685,MAR
ANKRD1,0,0,22.34681644149806,Complete
PCBP1,0,0,20.045582383260985,Complete
PCBP2,0,0,20.261072030232043,Complete
ELOC,0,0,25.75561225871611,Complete
ELOB,0,0,21.23549873803894,Complete
UBE3C,0,0,22.674846082048838,Complete
DHCR24,8,12.903225806451612,21.74863082542185,MAR
SF3B3,0,0,21.832229542884036,Complete
RSU1,14,22.58064516129032,16.369605177423576,MAR
PPP1R7,5,8.064516129032258,19.248345393744213,MAR
SEC23A,32,51.61290322580645,15.554051117209559,MNAR
RGN,10,16.129032258064516,20.373168782002004,MAR
SURF1,2,3.225806451612903,16.29637809027911,MAR
MAPRE2,1,1.6129032258064515,17.707246627160984,MAR
TGFBI,3,4.838709677419355,20.904367272805047,MAR
TSN,4,6.451612903225806,19.808761050963984,MAR
TRIP10,11,17.741935483870968,20.79327888219289,MAR
MAPRE1,0,0,21.81183844612251,Complete
TSC22D1,1,1.6129032258064515,21.46600420936177,MAR
ELAVL1,0,0,24.145628047555416,Complete
MYLK,0,0,21.50940349442874,Complete
SPEG,1,1.6129032258064515,17.54582341289287,MAR
TBCE,1,1.6129032258064515,19.880547150769566,MAR
VAMP3,4,6.451612903225806,18.68615055493191,MAR
NEDD8,5,8.064516129032258,18.620874641767927,MAR
ADIRF,0,0,20.1961159290141,Complete
ADIPOQ,0,0,18.92216472664873,Complete
ZYX,0,0,30.74551069422116,Complete
HSPB2,0,0,24.569768084323506,Complete
ETFDH,0,0,17.9731915916631,Complete
SEPTIN7,23,37.096774193548384,16.86278809233799,MNAR
ADRM1,0,0,19.124279351501517,Complete
LAMA4,25,40.32258064516129,15.672962165243197,MNAR
DDB1,4,6.451612903225806,19.35256956990004,MAR
PPP2R5E,0,0,20.285020517697024,Complete
MRPL23,2,3.225806451612903,20.569730881167505,MAR
CDC37,8,12.903225806451612,20.264044741991775,MAR
DPYSL2,1,1.6129032258064515,19.206087948843354,MAR
SYPL1,0,0,22.966725859909783,Complete
RBBP7,3,4.838709677419355,20.18487413757467,MAR
SGCB,2,3.225806451612903,18.943027070497564,MAR
ECM1,0,0,20.805407624148096,Complete
SRSF7,0,0,22.45764257246257,Complete
DBN1,8,12.903225806451612,18.305270743275685,MAR
FSCN1,26,41.935483870967744,18.17751417341289,MNAR
DECR1,11,17.741935483870968,17.339001111789447,MAR
NDUFA5,0,0,22.354603981784756,Complete
TST,0,0,20.715257763600682,Complete
KYAT1,26,41.935483870967744,16.79947212392786,MNAR
HAGH,0,0,20.846637182389763,Complete
PHKG1,0,0,22.326651262364056,Complete
HADH,0,0,20.749638732717504,Complete
UGP2,0,0,21.354701955556052,Complete
AOC3,18,29.03225806451613,17.81367968798672,MAR
TXNRD1,0,0,24.102261878927948,Complete
TPD52L1,35,56.451612903225815,15.157396766304837,MNAR
IMMT,0,0,20.068755601632787,Complete
IAH1,14,22.58064516129032,18.062399759129004,MAR
LRRFIP1,20,32.25806451612903,18.1581709167106,MNAR
TKFC,0,0,27.540879391377707,Complete
HSDL1,0,0,23.494401639166366,Complete
TIMM50,0,0,23.729180526466024,Complete
LGALSL,22,35.483870967741936,15.607202460454953,MNAR
COX19,10,16.129032258064516,15.247374446389497,MAR
NADK2,8,12.903225806451612,20.247059830123302,MAR
FAM98B,15,24.193548387096776,16.279933947466176,MAR
PDLIM3,0,0,19.916197145860032,Complete
AGK,0,0,21.602225198269412,Complete
ASPRV1,35,56.451612903225815,17.685404946898117,MNAR
CYBRD1,30,48.38709677419355,17.949992454956742,MNAR
CAVIN4,4,6.451612903225806,18.95448052125555,MAR
FLG2,0,0,22.78004020494763,Complete
PPP6R3,6,9.67741935483871,20.896527581122744,MAR
RABL3,22,35.483870967741936,14.891829864356215,MNAR
COQ5,0,0,22.519663944638673,Complete
EARS2,5,8.064516129032258,16.330495664654112,MAR
PITRM1,0,0,20.7107322788802,Complete
WDR44,6,9.67741935483871,16.92233063084385,MAR
COA6,1,1.6129032258064515,18.190416073099428,MAR
GNAS,0,0,21.449346853742643,Complete
TTC38,0,0,21.546292159450758,Complete
PHYHD1,10,16.129032258064516,17.549022746674176,MAR
HP1BP3,0,0,24.199777363974185,Complete
TPRG1L,10,16.129032258064516,18.933251617882153,MAR
IBA57,24,38.70967741935484,15.626121902074969,MNAR
UBAP2,8,12.903225806451612,18.49218268612742,MAR
CPTP,20,32.25806451612903,18.991035711599473,MNAR
DCAF8,37,59.67741935483871,18.671490669027836,MNAR
ATPAF1,0,0,21.663998852069152,Complete
SH3PXD2A,0,0,23.93621175809239,Complete
DDI2,25,40.32258064516129,16.792426102775,MNAR
NT5DC1,0,0,20.331689497509696,Complete
MICOS10,0,0,21.675215502213604,Complete
LYRM7,24,38.70967741935484,16.62769716983013,MNAR
MYOM3,2,3.225806451612903,18.25521857089219,MAR
PDE4DIP,20,32.25806451612903,19.945619638438107,MNAR
MLIP,29,46.774193548387096,15.896125883326215,MNAR
ECPAS,5,8.064516129032258,19.92300398513797,MAR
MICOS13,0,0,23.852659513099457,Complete
RNF123,0,0,21.530391385771445,Complete
TMEM198,0,0,21.180778942891447,Complete
MAP1S,0,0,21.64323674928472,Complete
CRYBG3,38,61.29032258064516,16.69825074386401,MNAR
ARHGAP17,36,58.06451612903226,16.582760049392615,MNAR
NXN,1,1.6129032258064515,20.642616062908875,MAR
CIAPIN1,0,0,19.83990154691404,Complete
SMYD5,1,1.6129032258064515,18.566271244352432,MAR
PTRHD1,30,48.38709677419355,15.463363062894185,MNAR
DHRS7B,0,0,21.293498273587737,Complete
TWF2,26,41.935483870967744,15.315179772210987,MNAR
TANGO2,1,1.6129032258064515,21.48700194345597,MAR
ETFRF1,18,29.03225806451613,14.75462653230428,MAR
RAB12,1,1.6129032258064515,19.523325406147787,MAR
DENND5A,12,19.35483870967742,18.33068007426782,MAR
RCSD1,43,69.35483870967742,15.002143515126075,MNAR
SLC25A24,38,61.29032258064516,16.79625306476724,MNAR
HIBCH,3,4.838709677419355,22.985648701864086,MAR
TAPT1,2,3.225806451612903,18.734619919357954,MAR
MRPL54,20,32.25806451612903,15.019732842809663,MNAR
LPCAT3,0,0,23.55268793663117,Complete
C8orf82,0,0,22.342144440801047,Complete
SFXN4,42,67.74193548387096,19.302708951556372,MNAR
FAHD1,5,8.064516129032258,21.64751428819687,MAR
LMOD2,0,0,22.614667934890885,Complete
SLC27A1,0,0,18.63492354666447,Complete
PGM2L1,0,0,24.871694689462906,Complete
DCUN1D2,0,0,25.01066126550153,Complete
DARS2,1,1.6129032258064515,17.88706899553082,MAR
TMEM65,2,3.225806451612903,18.057500982718874,MAR
LARP1,0,0,24.138837290328258,Complete
UQCC3,1,1.6129032258064515,21.216012823810996,MAR
DHRS11,0,0,21.581627914119803,Complete
SBSN,0,0,20.85182655345165,Complete
METTL7B,26,41.935483870967744,17.56545380789683,MNAR
WDR82,0,0,21.02037117371191,Complete
APOOL,0,0,21.40979736766716,Complete
NAPRT,2,3.225806451612903,20.354334706623167,MAR
UBR3,10,16.129032258064516,17.58682623731347,MAR
UBN2,0,0,25.087455059030905,Complete
TOM1L2,0,0,23.90813016276959,Complete
XIRP1,20,32.25806451612903,17.772670821875938,MNAR
VPS13C,0,0,21.89897790725916,Complete
MOB2,10,16.129032258064516,17.8101669378038,MAR
UBE2R2,30,48.38709677419355,15.096510172744702,MNAR
TUBA1A,0,0,24.616096554029546,Complete
SND1,7,11.29032258064516,23.913909299851824,MAR
TRMT10C,0,0,24.337698709862714,Complete
BZW1,0,0,23.269071178133363,Complete
EIF3M,0,0,20.665732999821426,Complete
CDC37L1,0,0,25.380582959439494,Complete
RRAGA,0,0,26.151939335054138,Complete
COPS6,0,0,20.768331675249268,Complete
RRM2B,0,0,24.51996885750446,Complete
ERMP1,2,3.225806451612903,18.97945170610246,MAR
MRPL21,0,0,23.137536318409015,Complete
DGLUCY,21,33.87096774193548,16.683395074961098,MNAR
SZRD1,1,1.6129032258064515,19.461808135492948,MAR
HDDC2,12,19.35483870967742,17.085669145569742,MAR
DCXR,6,9.67741935483871,20.1098512070727,MAR
KCTD20,5,8.064516129032258,18.291489891076935,MAR
SPRED2,4,6.451612903225806,20.553027785112107,MAR
HUWE1,0,0,27.388105653164434,Complete
ABI3BP,6,9.67741935483871,19.826097006339474,MAR
TMED4,28,45.16129032258064,17.374715342775943,MNAR
GLRX5,12,19.35483870967742,17.671369291320318,MAR
PRUNE1,0,0,24.787938833606677,Complete
ISCA2,0,0,18.742443555261797,Complete
MTDH,0,0,22.70181266052439,Complete
KTN1,14,22.58064516129032,17.347113883959675,MAR
ALYREF,13,20.967741935483872,15.88282800283267,MAR
MDP1,1,1.6129032258064515,21.426455941577277,MAR
SLC25A42,13,20.967741935483872,20.775346651121566,MAR
VPS36,16,25.806451612903224,21.938538027804064,MAR
CAND1,26,41.935483870967744,16.154826058020042,MNAR
COMTD1,0,0,20.1128127913904,Complete
COMMD7,26,41.935483870967744,19.078594679689004,MNAR
BPHL,0,0,19.645002023049404,Complete
LDHD,8,12.903225806451612,25.433317792231158,MAR
NIT1,33,53.2258064516129,16.384833109204738,MNAR
ECHDC2,18,29.03225806451613,18.748140989918753,MAR
MYO18B,19,30.64516129032258,22.873333688722706,MAR
ANKMY2,11,17.741935483870968,21.145773407078337,MAR
NUDCD3,15,24.193548387096776,16.4621221574139,MAR
MFN1,4,6.451612903225806,16.60363835771541,MAR
ADHFE1,0,0,24.44411707698472,Complete
SIRT2,23,37.096774193548384,18.773822914930026,MNAR
MRPL41,3,4.838709677419355,19.704851817687278,MAR
KLHDC8B,0,0,23.704258851734014,Complete
SUPV3L1,0,0,23.300369763439768,Complete
THNSL1,1,1.6129032258064515,25.42161577851802,MAR
PM20D2,19,30.64516129032258,17.765141282540842,MNAR
MICU2,39,62.903225806451616,17.894362058690124,MNAR
ELMOD2,0,0,24.996438411775426,Complete
ALDH16A1,0,0,20.915432722035977,Complete
VKORC1L1,2,3.225806451612903,22.194273526534875,MAR
CLYBL,2,3.225806451612903,19.59974028447696,MAR
ADSS1,0,0,25.662991074205596,Complete
NDUFAF2,15,24.193548387096776,23.234115148345037,MAR
ANKRD35,4,6.451612903225806,17.453280097460592,MAR
GPD1L,0,0,24.571034189106914,Complete
TXLNB,1,1.6129032258064515,20.733982124650556,MAR
SYNPO,23,37.096774193548384,14.388699926705668,MNAR
D2HGDH,18,29.03225806451613,15.758209308082883,MAR
TOMM5,0,0,20.64951594919339,Complete
CHCHD4,1,1.6129032258064515,19.764044825322276,MAR
MMGT1,21,33.87096774193548,18.171766016752535,MNAR
SMIM20,6,9.67741935483871,17.85826490974341,MAR
CISD2,13,20.967741935483872,22.323937217624145,MAR
ATPAF2,0,0,19.652383731327312,Complete
JAGN1,2,3.225806451612903,19.051294944340558,MAR
MRPL50,0,0,24.221789457967027,Complete
EMC1,0,0,24.239768299521963,Complete
PTGR2,41,66.12903225806451,16.935103122903524,MNAR
MRPL43,18,29.03225806451613,19.291165374352932,MAR
ZBTB38,10,16.129032258064516,18.794983712012524,MAR
NHLRC2,20,32.25806451612903,18.48589703520913,MNAR
RDH13,8,12.903225806451612,20.005577975769455,MAR
TXNDC5,12,19.35483870967742,20.515025009418466,MAR
ATAD1,32,51.61290322580645,15.84665834676175,MNAR
SERBP1,28,45.16129032258064,15.122972460263107,MNAR
ADPRHL1,2,3.225806451612903,21.18630928402543,MAR
ABCF1,6,9.67741935483871,19.859847257121974,MAR
ABHD11,21,33.87096774193548,18.277743946885447,MNAR
COQ8A,0,0,22.147288313562353,Complete
PPP1R14C,13,20.967741935483872,19.09828280969508,MAR
NPLOC4,0,0,23.847359310225137,Complete
SPATA20,22,35.483870967741936,17.240113342820077,MNAR
NUBPL,0,0,26.49278981526272,Complete
UBA3,1,1.6129032258064515,23.1218836161631,MAR
TMEM167A,0,0,24.639206475994214,Complete
RDH11,6,9.67741935483871,17.236642699094382,MAR
MRPL30,0,0,22.974404416278357,Complete
NT5C,19,30.64516129032258,17.959898984769605,MNAR
SPPL2A,11,17.741935483870968,18.013307317014426,MAR
NEK9,6,9.67741935483871,22.792481280039198,MAR
GPT2,10,16.129032258064516,19.27301232253456,MAR
MYOZ3,3,4.838709677419355,20.389327975667896,MAR
NEK7,13,20.967741935483872,19.157948070479538,MAR
SETD7,0,0,21.536852243416153,Complete
NUP133,2,3.225806451612903,18.743030764461913,MAR
PDCD6IP,39,62.903225806451616,16.295950440958574,MNAR
THEM6,33,53.2258064516129,14.45081925482852,MNAR
SMIM4,33,53.2258064516129,17.074092400796978,MNAR
SCFD1,2,3.225806451612903,22.31606943546154,MAR
PCNP,4,6.451612903225806,21.597490388269307,MAR
DNAJA4,6,9.67741935483871,17.21913626625077,MAR
SPRYD4,0,0,19.740959960954676,Complete
LMO7,36,58.06451612903226,15.04591210465306,MNAR
RTN4IP1,14,22.58064516129032,18.09198050426315,MAR
PALLD,25,40.32258064516129,16.204634377881746,MNAR
SYNE2,0,0,22.55713009597636,Complete
IFT81,0,0,23.155289348226198,Complete
CHCHD10,0,0,22.567006186156142,Complete
DDB2,18,29.03225806451613,21.407738392453187,MAR
DDX1,2,3.225806451612903,20.21559798235747,MAR
HSD17B8,0,0,25.302457209590127,Complete
PSMF1,33,53.2258064516129,17.111320958470447,MNAR
MRPS27,14,22.58064516129032,16.91593608634228,MAR
UBXN4,10,16.129032258064516,20.271013809208323,MAR
NDRG1,7,11.29032258064516,19.299736790564108,MAR
HSPH1,11,17.741935483870968,17.024829021222185,MAR
MYO18A,5,8.064516129032258,18.452556611260107,MAR
GCN1,19,30.64516129032258,17.558531207410827,MNAR
TTC9,17,27.419354838709676,17.065574820846656,MAR
SGCD,44,70.96774193548387,17.011988403780336,MNAR
AKAP1,0,0,21.55965606312042,Complete
RABGGTA,19,30.64516129032258,16.672568582147687,MNAR
TFG,0,0,20.984059187389356,Complete
P3H4,28,45.16129032258064,15.648334051571688,MNAR
DDX17,18,29.03225806451613,19.075368930990336,MAR
CELF1,14,22.58064516129032,17.885620955421775,MAR
UFD1,2,3.225806451612903,19.17300640305414,MAR
GLG1,0,0,22.493099418119563,Complete
UPF1,5,8.064516129032258,18.29010252080194,MAR
COPS5,15,24.193548387096776,20.07363502502891,MAR
TNPO1,22,35.483870967741936,16.450336582789532,MNAR
USP7,0,0,22.515841837815575,Complete
CUL5,0,0,22.128192445712664,Complete
LPP,28,45.16129032258064,21.14022858661773,MAR
ATP2A3,7,11.29032258064516,19.858291814798314,MAR
PHKB,36,58.06451612903226,14.952723267575493,MNAR
SCAMP4,3,4.838709677419355,21.128211829185055,MAR
CAVIN3,0,0,22.54678793880137,Complete
UBE2F,35,56.451612903225815,16.97416023976458,MNAR
RPL36AL,19,30.64516129032258,18.11364185270832,MNAR
RAB24,15,24.193548387096776,21.5309040176089,MAR
WBP2,26,41.935483870967744,16.22213874038283,MNAR
NCLN,32,51.61290322580645,15.10582593147274,MNAR
ERGIC1,9,14.516129032258066,19.003816576581713,MAR
FAM162A,18,29.03225806451613,17.335978040545424,MAR
CCDC47,37,59.67741935483871,14.25096028810142,MNAR
MRPL24,36,58.06451612903226,17.82901403940857,MNAR
TMEM230,30,48.38709677419355,15.172095528124165,MNAR
FERMT2,0,0,25.110157944841653,Complete
FUBP1,16,25.806451612903224,16.99908031401291,MAR
TMEM143,0,0,22.2245065879641,Complete
ZNF428,0,0,25.85633954067711,Complete
RNF25,4,6.451612903225806,19.87110935407559,MAR
PTER,0,0,25.280061435128427,Complete
ZBTB9,0,0,21.2328511187422,Complete
FAM136A,5,8.064516129032258,19.26883649369276,MAR
GALM,23,37.096774193548384,18.86506788804311,MNAR
DCPS,34,54.83870967741935,17.529691180512394,MNAR
PPP1R14B,21,33.87096774193548,17.257112084578736,MNAR
ACSF2,1,1.6129032258064515,20.599480084996742,MAR
ISOC1,18,29.03225806451613,15.623938813626337,MAR
CCDC124,4,6.451612903225806,19.48118254482544,MAR
OPTN,31,50,17.9272649382555,MNAR
AP2M1,20,32.25806451612903,17.628259841223873,MNAR
KCTD12,20,32.25806451612903,22.146131995146504,MAR
ZG16B,32,51.61290322580645,17.078508009704525,MNAR
RMDN1,24,38.70967741935484,17.107353533570418,MNAR
ECHDC3,0,0,23.22719707076141,Complete
MSI2,0,0,23.719399678327502,Complete
MRPL38,4,6.451612903225806,20.091321265178127,MAR
MRRF,29,46.774193548387096,17.304593226293704,MNAR
FAM120B,6,9.67741935483871,17.278149949121442,MAR
MRPL53,0,0,19.037260021741492,Complete
L3HYPDH,0,0,22.243142937859574,Complete
DAZAP1,0,0,19.182293932162377,Complete
DNAJA3,19,30.64516129032258,18.099482415520004,MNAR
PTCD3,11,17.741935483870968,16.272566420053412,MAR
MMAB,0,0,23.24109040109841,Complete
DYNLL2,0,0,20.49099593082422,Complete
S100A16,0,0,24.091294567366607,Complete
SIPA1,19,30.64516129032258,16.11768427652141,MNAR
SCRN2,1,1.6129032258064515,19.011070810633527,MAR
OTUB1,1,1.6129032258064515,20.88871352456633,MAR
PGM2,31,50,15.888868429247108,MNAR
PDXP,5,8.064516129032258,17.929855806644817,MAR
DCUN1D1,3,4.838709677419355,17.931542566538024,MAR
APIP,17,27.419354838709676,18.430809907635968,MAR
SLC41A3,0,0,24.6729871129595,Complete
PDLIM5,4,6.451612903225806,19.53613934660782,MAR
CRELD1,21,33.87096774193548,17.348923939917327,MNAR
ERO1A,33,53.2258064516129,18.987860670695888,MNAR
AHCYL2,1,1.6129032258064515,21.502583132584267,MAR
DHTKD1,34,54.83870967741935,16.55811432584669,MNAR
PYURF,0,0,24.14339750355935,Complete
SUCLG2,2,3.225806451612903,18.040999223821725,MAR
GMPPA,12,19.35483870967742,18.2468069836273,MAR
ABHD14B,14,22.58064516129032,18.624473046231646,MAR
NGLY1,29,46.774193548387096,14.922672265829064,MNAR
TMX3,22,35.483870967741936,16.778094392618108,MNAR
PDLIM2,36,58.06451612903226,15.299113314281335,MNAR
BTF3L4,32,51.61290322580645,19.32210752396901,MNAR
USP47,0,0,20.669673604898883,Complete
CNDP2,7,11.29032258064516,16.18770596322416,MAR
DHRS1,12,19.35483870967742,26.849942471444457,MAR
STAC3,0,0,20.605543411708023,Complete
COQ10A,14,22.58064516129032,18.96184871557,MAR
JSRP1,0,0,20.5114408018807,Complete
MBOAT7,35,56.451612903225815,16.541179960913414,MNAR
FAM210A,15,24.193548387096776,17.344690816918444,MAR
CLIC6,4,6.451612903225806,18.74293341374967,MAR
MIA2,11,17.741935483870968,16.301405909320096,MAR
QKI,34,54.83870967741935,16.45569590459209,MNAR
PLIN4,3,4.838709677419355,19.68916265271124,MAR
ALKBH3,6,9.67741935483871,19.92340975400833,MAR
PANX1,19,30.64516129032258,18.32647067819857,MNAR
BBS4,2,3.225806451612903,19.63395435048242,MAR
VPS13A,7,11.29032258064516,17.94026502173247,MAR
GFM1,5,8.064516129032258,21.938199769799898,MAR
MCCC1,37,59.67741935483871,22.325116284441215,MNAR
CLCC1,0,0,26.143466360200538,Complete
MYCBP,0,0,21.141835133270156,Complete
TBCB,2,3.225806451612903,20.49181484511751,MAR
PSMB7,16,25.806451612903224,17.79954352167247,MAR
SEC62,0,0,23.358522539372355,Complete
PCYT2,9,14.516129032258066,20.863149858174026,MAR
PSMD1,9,14.516129032258066,16.056535181176766,MAR
PARK7,4,6.451612903225806,19.704968321747167,MAR
VAT1,23,37.096774193548384,17.061305424377032,MNAR
NUP88,0,0,21.397169962377603,Complete
S100A13,10,16.129032258064516,16.436527093211286,MAR
TSNAX,8,12.903225806451612,18.045991780947404,MAR
EIF3C,2,3.225806451612903,21.154615356142067,MAR
TTC1,0,0,23.6500974499336,Complete
DNAJC7,11,17.741935483870968,18.204077064147373,MAR
PHB2,9,14.516129032258066,22.45220077370454,MAR
SDHC,9,14.516129032258066,19.937553431715287,MAR
CHP1,13,20.967741935483872,16.353140877430693,MAR
MGLL,8,12.903225806451612,20.2819439650914,MAR
HNRNPAB,2,3.225806451612903,17.77908437924289,MAR
NAP1L4,0,0,21.224312571010632,Complete
MGST2,7,11.29032258064516,17.57949631150651,MAR
NAPG,7,11.29032258064516,19.401943477507608,MAR
TXN2,5,8.064516129032258,16.667294829909974,MAR
DMAC2L,33,53.2258064516129,16.827388778044472,MNAR
ACO2,14,22.58064516129032,17.73497512439681,MAR
SLC29A1,0,0,22.439163143796215,Complete
TSG101,5,8.064516129032258,16.933116964296715,MAR
CPNE1,0,0,27.83335993895954,Complete
CCT7,0,0,22.377893004844825,Complete
ARPC5L,35,56.451612903225815,17.25317015640254,MNAR
MICU1,0,0,20.40123272721163,Complete
GRWD1,6,9.67741935483871,19.54611520501054,MAR
WDR77,12,19.35483870967742,17.569286730192083,MAR
DPH2,4,6.451612903225806,17.82096037028362,MAR
APOL2,0,0,22.893275157893214,Complete
FYCO1,0,0,29.17638248347038,Complete
JPH2,23,37.096774193548384,16.288543122421313,MNAR
TXNDC17,20,32.25806451612903,18.43438578443165,MNAR
CPPED1,0,0,21.877179611415713,Complete
VPS25,1,1.6129032258064515,19.324757844585523,MAR
UQCC2,2,3.225806451612903,18.109415292846208,MAR
MIEN1,29,46.774193548387096,17.032206025519425,MNAR
PELO,2,3.225806451612903,21.25107053802827,MAR
PRXL2A,0,0,24.175152452180658,Complete
NTPCR,39,62.903225806451616,15.957215562988399,MNAR
AGMAT,19,30.64516129032258,18.71464607007791,MNAR
TACO1,24,38.70967741935484,18.94046910548907,MNAR
ESYT1,35,56.451612903225815,20.995979798199524,MNAR
UBAC1,0,0,19.426743629680352,Complete
COPS4,22,35.483870967741936,15.9738264774922,MNAR
DCTN5,1,1.6129032258064515,17.889726801709596,MAR
AARSD1,0,0,20.047446638767546,Complete
THUMPD2,20,32.25806451612903,20.69151009693498,MAR
TMEM43,8,12.903225806451612,18.11602382640749,MAR
TBCD,8,12.903225806451612,17.554624190542818,MAR
DHRS4,3,4.838709677419355,17.5173913769235,MAR
NDUFAF3,37,59.67741935483871,17.099316515067173,MNAR
PAXX,0,0,19.907051396306397,Complete
HNRNPUL1,7,11.29032258064516,20.004737607884923,MAR
CHCHD7,15,24.193548387096776,16.98343493994278,MAR
DERL1,0,0,25.65704048251424,Complete
APOO,15,24.193548387096776,19.695013763536195,MAR
BDH2,11,17.741935483870968,16.73429122970013,MAR
MRI1,17,27.419354838709676,17.590538945151177,MAR
ADI1,24,38.70967741935484,18.892955227824118,MNAR
NTMT1,41,66.12903225806451,16.757951008165083,MNAR
TMEM109,17,27.419354838709676,17.301290945548306,MAR
PBDC1,3,4.838709677419355,17.197296290389193,MAR
PTDSS2,22,35.483870967741936,16.56992452337534,MNAR
DUSP23,9,14.516129032258066,19.02828230111027,MAR
TMED9,28,45.16129032258064,17.468157756958618,MNAR
TIMM21,1,1.6129032258064515,20.071942119249666,MAR
TPPP3,1,1.6129032258064515,21.266821070119015,MAR
NUDT9,9,14.516129032258066,15.82484772668248,MAR
SORBS1,24,38.70967741935484,16.72002167700711,MNAR
HINT2,5,8.064516129032258,17.242571062486636,MAR
OSBPL11,14,22.58064516129032,18.724675824528582,MAR
NAA15,20,32.25806451612903,17.173036052861452,MNAR
BCL2L13,0,0,27.436976651595746,Complete
ASPN,31,50,22.3892196321109,MAR
AP1M1,6,9.67741935483871,16.54131557538356,MAR
OSBPL1A,5,8.064516129032258,18.933384707661293,MAR
HDHD5,14,22.58064516129032,19.44938698650455,MAR
EIF2A,1,1.6129032258064515,17.42841348737817,MAR
MRPL20,21,33.87096774193548,19.279535952599108,MNAR
MRPL9,0,0,20.706723456299372,Complete
MRPL1,0,0,22.654929504299822,Complete
MRPS26,8,12.903225806451612,17.288681168379792,MAR
NLN,0,0,24.759472518243708,Complete
TRIM54,37,59.67741935483871,18.24766640091166,MNAR
MRPL37,6,9.67741935483871,20.16541735416083,MAR
OSBPL6,16,25.806451612903224,18.22384510503162,MAR
UBL5,0,0,19.07610817538914,Complete
NIBAN1,9,14.516129032258066,18.21644617491036,MAR
TNKS1BP1,13,20.967741935483872,24.67169420489134,MAR
UBE2O,0,0,21.837738718338773,Complete
XPO4,0,0,23.995601357791166,Complete
SLIRP,35,56.451612903225815,15.976629405652416,MNAR
SRR,26,41.935483870967744,20.052387244826964,MNAR
NIF3L1,32,51.61290322580645,17.54561555110408,MNAR
EGLN1,0,0,24.542393376720792,Complete
ANKRD2,41,66.12903225806451,13.885671265646627,MNAR
NAA50,5,8.064516129032258,17.90657260530918,MAR
TMEM126A,11,17.741935483870968,16.765762141129425,MAR
CLPB,0,0,22.768531702741406,Complete
TOLLIP,44,70.96774193548387,17.220782903243332,MNAR
PCBD2,15,24.193548387096776,19.460684467209845,MAR
NT5C3A,9,14.516129032258066,18.76518098561551,MAR
HDHD2,5,8.064516129032258,19.379286311736507,MAR
MAGT1,33,53.2258064516129,16.90804425790474,MNAR
RAB1B,17,27.419354838709676,17.95088754798214,MAR
MRPL18,22,35.483870967741936,17.255486421468554,MNAR
RBM38,11,17.741935483870968,15.873264138067933,MAR
CYSTM1,0,0,19.292668053697795,Complete
NUCKS1,0,0,22.209854309864166,Complete
ISCU,14,22.58064516129032,16.54902579973161,MAR
EHD4,0,0,21.346866254120187,Complete
VPS16,4,6.451612903225806,20.109375940897188,MAR
SH3BGRL3,5,8.064516129032258,20.958528427802875,MAR
SLK,0,0,26.920378477569223,Complete
PPIL3,0,0,19.140667360823073,Complete
LRMDA,13,20.967741935483872,22.5566726682103,MAR
TNMD,0,0,22.843096286960492,Complete
PPA2,27,43.54838709677419,17.39209005916161,MNAR
MRPL46,0,0,23.910119423710476,Complete
GHITM,0,0,24.497712517407827,Complete
BOLA2,3,4.838709677419355,22.534476166003312,MAR
TMX1,4,6.451612903225806,23.299729592550428,MAR
CHMP4B,11,17.741935483870968,18.578816577754942,MAR
FN3K,0,0,21.516862106460405,Complete
TOR1AIP2,0,0,22.44523470489331,Complete
RNPEP,0,0,22.31484130877355,Complete
GLIPR2,8,12.903225806451612,19.732043617027962,MAR
CIAO2A,4,6.451612903225806,19.596913703206898,MAR
TMEM38A,11,17.741935483870968,18.814385610840787,MAR
OPA3,0,0,26.93039864213343,Complete
DCTPP1,0,0,22.688509789433496,Complete
SYNC,21,33.87096774193548,16.79204254524162,MNAR
AAMDC,13,20.967741935483872,17.732542104804214,MAR
PTGES2,5,8.064516129032258,18.187137875879163,MAR
UBE2Z,0,0,22.570742594580757,Complete
ACAD9,0,0,18.78692571288522,Complete
COQ10B,0,0,20.397108123616256,Complete
MOB1A,33,53.2258064516129,18.93150125610833,MNAR
GORASP2,11,17.741935483870968,18.550701437118573,MAR
ARMT1,0,0,24.696653050333286,Complete
LRRC40,3,4.838709677419355,18.83677793843102,MAR
AGO3,10,16.129032258064516,17.32501213297666,MAR
MRPL44,4,6.451612903225806,19.401400045123896,MAR
L2HGDH,0,0,20.641193188068076,Complete
COPS7B,40,64.51612903225806,14.464551038447484,MNAR
FN3KRP,0,0,20.521120823517684,Complete
TBC1D17,1,1.6129032258064515,20.98848628230465,MAR
CARS2,3,4.838709677419355,18.833801374570893,MAR
GRPEL1,8,12.903225806451612,19.525410709542236,MAR
RDH14,25,40.32258064516129,20.83723952803382,MAR
PARVB,8,12.903225806451612,16.52713690257049,MAR
TNS1,0,0,20.253591808491688,Complete
PLGRKT,11,17.741935483870968,18.998898151239732,MAR
GLOD4,40,64.51612903225806,15.06096984203657,MNAR
CENPJ,4,6.451612903225806,23.139893007552335,MAR
MCCC2,5,8.064516129032258,17.71396593779982,MAR
GPN1,14,22.58064516129032,20.868069682557536,MAR
HHATL,3,4.838709677419355,19.290999862133432,MAR
PREB,0,0,22.51122776736915,Complete
S100A14,0,0,21.044934901097715,Complete
MRPL47,0,0,21.197956538174658,Complete
CHMP1A,15,24.193548387096776,15.262684684260075,MAR
JPH1,4,6.451612903225806,17.152608636639144,MAR
TXNRD2,0,0,20.871121845732777,Complete
RAB18,27,43.54838709677419,18.80284948180459,MNAR
SSU72,4,6.451612903225806,20.5078850284716,MAR
VTA1,1,1.6129032258064515,18.709952278334267,MAR
MYOZ1,3,4.838709677419355,18.38941793385943,MAR
MYOZ2,0,0,22.573659335228143,Complete
ACOT13,30,48.38709677419355,15.525523849486582,MNAR
TIMMDC1,6,9.67741935483871,20.002470490249827,MAR
RIC8A,31,50,19.267220561440368,MNAR
CD93,0,0,21.1459534147539,Complete
MRPL40,13,20.967741935483872,16.926351967827227,MAR
TIGAR,0,0,21.460628524392167,Complete
PFDN4,6,9.67741935483871,20.778971567209215,MAR
XPNPEP1,7,11.29032258064516,18.185205339496118,MAR
GPHN,18,29.03225806451613,21.01335363368644,MAR
PDLIM7,12,19.35483870967742,16.128223301163914,MAR
DIABLO,0,0,24.39588076972472,Complete
SAR1A,34,54.83870967741935,18.146045028849453,MNAR
NANS,0,0,21.79358986493555,Complete
SH3GLB2,27,43.54838709677419,14.364552777270754,MNAR
EIF2B3,0,0,23.00971204838833,Complete
MBNL1,31,50,15.199940951140412,MNAR
SDR39U1,30,48.38709677419355,18.383388693963486,MNAR
AASDHPPT,0,0,22.167716127513284,Complete
CMC2,15,24.193548387096776,19.57704799155316,MAR
MRPL17,6,9.67741935483871,17.437785554138863,MAR
PHPT1,2,3.225806451612903,20.2303561813129,MAR
FAM114A2,7,11.29032258064516,16.774175700510117,MAR
LANCL2,20,32.25806451612903,19.119329800333414,MNAR
HOMER2,21,33.87096774193548,17.028471193599014,MNAR
HOMER3,32,51.61290322580645,20.276466548881213,MNAR
FARSB,11,17.741935483870968,18.000223966339163,MAR
SIRT3,25,40.32258064516129,17.20349936875984,MNAR
MAN2C1,1,1.6129032258064515,20.87934699160969,MAR
SACM1L,31,50,17.183310562183753,MNAR
CUTC,21,33.87096774193548,20.889426124296442,MAR
ECHDC1,35,56.451612903225815,17.567459039273178,MNAR
ABHD10,1,1.6129032258064515,21.78699537768984,MAR
STAU2,2,3.225806451612903,19.97212559210493,MAR
DDX19A,15,24.193548387096776,17.72865762872117,MAR
SEPTIN11,37,59.67741935483871,14.376051227919556,MNAR
PANK4,1,1.6129032258064515,18.714150270355677,MAR
ATAD3A,24,38.70967741935484,18.468544657565847,MNAR
ARL8B,3,4.838709677419355,18.38199112943125,MAR
PNPO,0,0,20.25178287759385,Complete
ARMC1,24,38.70967741935484,15.446159383770482,MNAR
TMEM38B,0,0,26.51418357145921,Complete
MRPL22,2,3.225806451612903,19.55007067536339,MAR
CZIB,1,1.6129032258064515,19.953576203853736,MAR
BABAM1,3,4.838709677419355,16.80866240436998,MAR
NDUFB11,24,38.70967741935484,16.322980216048634,MNAR
OCIAD1,0,0,21.717133371224428,Complete
MARCHF5,0,0,23.151120877012673,Complete
HYPK,0,0,23.674983189645996,Complete
CHCHD3,1,1.6129032258064515,19.73665992059229,MAR
BABAM2,0,0,24.250232462713267,Complete
TUBA8,0,0,22.234307053065983,Complete
UGGT1,0,0,21.39406360977414,Complete
TECR,2,3.225806451612903,18.785614185736577,MAR
ACTR10,0,0,21.9307367038631,Complete
CISD1,26,41.935483870967744,16.539183191976306,MNAR
FAM120A,10,16.129032258064516,19.973530221197297,MAR
GLTP,20,32.25806451612903,17.12039354716099,MNAR
COQ3,5,8.064516129032258,19.491432719498043,MAR
MTCH1,0,0,24.28146471122718,Complete
MAT2B,1,1.6129032258064515,24.287003883582955,MAR
MYOF,0,0,20.937581731736888,Complete
EHD2,14,22.58064516129032,16.865488944742655,MAR
TMOD4,24,38.70967741935484,21.413245719381646,MAR
CALML5,12,19.35483870967742,18.744327341514182,MAR
LMCD1,0,0,19.437178573743225,Complete
CHMP5,5,8.064516129032258,18.985503889196124,MAR
CNIH4,2,3.225806451612903,18.387091573255812,MAR
MRPL15,0,0,20.538905452869034,Complete
EMC3,5,8.064516129032258,17.871091484668792,MAR
NDUFA13,0,0,21.66004953496756,Complete
MRPL36,0,0,20.66959025490167,Complete
RNF181,0,0,23.47922730256898,Complete
TMEM14C,0,0,22.79740635426273,Complete
RRBP1,18,29.03225806451613,18.884970934232943,MAR
USP35,19,30.64516129032258,17.879557414732503,MNAR
RBM27,0,0,25.23124883323634,Complete
SUCLA2,0,0,22.166763663859413,Complete
GMPR2,23,37.096774193548384,16.841137785077382,MNAR
DPM3,10,16.129032258064516,17.90896877569559,MAR
IMPACT,0,0,21.838093966357427,Complete
ATXN10,12,19.35483870967742,21.666259268571906,MAR
EPS15L1,27,43.54838709677419,17.572939196128743,MNAR
SPRR3,4,6.451612903225806,16.331274328993786,MAR
SAE1,28,45.16129032258064,15.587380306065317,MNAR
RNF7,4,6.451612903225806,17.700752212342156,MAR
MYOT,7,11.29032258064516,19.132454847429692,MAR
MRC2,39,62.903225806451616,14.23402266645565,MNAR
CRNN,2,3.225806451612903,19.1046274291312,MAR
VPS29,0,0,21.167712938891242,Complete
EIF3K,38,61.29032258064516,15.0546719718718,MNAR
GRHPR,26,41.935483870967744,19.397427774825584,MNAR
CTSZ,3,4.838709677419355,17.992108940636843,MAR
UBA2,41,66.12903225806451,15.886872354006197,MNAR
FBLN5,4,6.451612903225806,20.005325230918363,MAR
AASS,6,9.67741935483871,16.997935192988862,MAR
CLIP2,12,19.35483870967742,18.850832927212704,MAR
UQCR10,2,3.225806451612903,20.44196507696031,MAR
DNAJB4,3,4.838709677419355,21.005826020711854,MAR
ADD3,0,0,21.791953884662085,Complete
NIPSNAP3A,14,22.58064516129032,17.39390972522761,MAR
ABCF2,21,33.87096774193548,19.333499333295503,MNAR
KDM5B,0,0,23.140297955111727,Complete
WARS2,13,20.967741935483872,18.467874628991545,MAR
LAMTOR3,26,41.935483870967744,17.50258241682123,MNAR
SEPTIN9,0,0,22.399692233980687,Complete
UBQLN2,26,41.935483870967744,17.46662614188638,MNAR
PCYOX1,5,8.064516129032258,20.35618638156451,MAR
SMPX,1,1.6129032258064515,19.563859401958844,MAR
NARF,14,22.58064516129032,17.184575620789847,MAR
BCAP29,22,35.483870967741936,14.749252755074085,MNAR
CYB5R1,1,1.6129032258064515,19.195593966801596,MAR
PFDN2,5,8.064516129032258,17.750737503304794,MAR
PUF60,11,17.741935483870968,17.91879749484123,MAR
NRBP1,0,0,22.796030307704374,Complete
NDUFA12,22,35.483870967741936,20.415033756271065,MNAR
EIF2B4,13,20.967741935483872,16.79723814615505,MAR
ATP6V1H,0,0,22.54381541846724,Complete
ATP5IF1,14,22.58064516129032,16.661052190896836,MAR
AK3,38,61.29032258064516,15.45197105776137,MNAR
MSRA,0,0,25.85097514421698,Complete
NAGK,6,9.67741935483871,19.00756259721758,MAR
DBNL,1,1.6129032258064515,17.95896565960297,MAR
DCTN4,0,0,20.215421807956858,Complete
HSPB8,0,0,18.221296291169264,Complete
STOML2,11,17.741935483870968,15.909398783601508,MAR
VPS28,0,0,21.960129851194118,Complete
JPT1,5,8.064516129032258,17.58144185112329,MAR
APPL1,3,4.838709677419355,20.193857093026637,MAR
PCTP,0,0,24.079272478527592,Complete
PACSIN3,25,40.32258064516129,17.382768974722012,MNAR
ACAD8,39,62.903225806451616,17.604404870663622,MNAR
AGO2,7,11.29032258064516,20.245728645309523,MAR
MYH2,11,17.741935483870968,21.50244499892997,MAR
MYH13,34,54.83870967741935,16.770728699158816,MNAR
CDV3,22,35.483870967741936,18.092148798439176,MNAR
RAB21,7,11.29032258064516,18.119484340649763,MAR
PSME2,2,3.225806451612903,19.980243118300283,MAR
MCTS1,0,0,25.488101765890846,Complete
ZNF777,7,11.29032258064516,18.94687647770849,MAR
TBC1D24,0,0,19.390387629215997,Complete
CA14,6,9.67741935483871,18.29640485448777,MAR
MYO6,0,0,23.214791019858513,Complete
NFU1,0,0,21.479010694285403,Complete
SYNPO2,7,11.29032258064516,18.845772726858105,MAR
UBQLN1,2,3.225806451612903,23.073904119478627,MAR
NDRG2,0,0,23.41644045104225,Complete
VPS4A,0,0,22.51638491302256,Complete
PACSIN2,26,41.935483870967744,17.749381762340917,MNAR
MAGED2,13,20.967741935483872,18.377036980502403,MAR
PSMD13,0,0,19.142717641771252,Complete
FAF1,0,0,20.675049338526506,Complete
NSFL1C,12,19.35483870967742,17.748521985355683,MAR
PLA2G4C,20,32.25806451612903,17.21767036768427,MNAR
PPP6R1,0,0,19.247862018126483,Complete
LIMCH1,14,22.58064516129032,18.64643319373614,MAR
ANKRD26,19,30.64516129032258,20.24166767291702,MNAR
USP24,7,11.29032258064516,17.598015303684203,MAR
MAPRE3,0,0,21.720484039224765,Complete
PA2G4,19,30.64516129032258,16.037561376187213,MNAR
SPG7,3,4.838709677419355,21.52132907140603,MAR
RTRAF,23,37.096774193548384,17.399626100363154,MNAR
RUVBL2,16,25.806451612903224,16.372756751421964,MAR
APOBEC2,0,0,22.948490568094034,Complete
PIN4,11,17.741935483870968,17.130634107964394,MAR
HIGD1A,0,0,23.28423908167629,Complete
EIF3L,1,1.6129032258064515,20.03268815647738,MAR
PLAA,3,4.838709677419355,20.764660998287496,MAR
RUVBL1,8,12.903225806451612,16.72582690419738,MAR
BCS1L,0,0,23.735379634657924,Complete
VDAC3,0,0,20.37075482769265,Complete
CFL2,10,16.129032258064516,21.327646667016285,MAR
FARSA,0,0,20.40083465049062,Complete
DRG1,0,0,22.018677043365578,Complete
DIP2C,1,1.6129032258064515,21.917860504927532,MAR
FNDC3A,14,22.58064516129032,17.913260855680836,MAR
PADI2,1,1.6129032258064515,20.113333820073954,MAR
GSTK1,6,9.67741935483871,20.387584273639238,MAR
MRPS35,37,59.67741935483871,16.141493464999517,MNAR
COA3,0,0,25.99590452786072,Complete
MRPS17,0,0,22.028174572506277,Complete
MRPS7,27,43.54838709677419,15.704887697647356,MNAR
CRYL1,25,40.32258064516129,14.123017361712442,MNAR
GDA,0,0,22.30211728995698,Complete
COQ6,11,17.741935483870968,17.386502695298713,MAR
ACOT9,7,11.29032258064516,23.399681626378886,MAR
MEMO1,0,0,20.487792416466977,Complete
TMX2,0,0,22.896928094785626,Complete
LSM2,3,4.838709677419355,21.48973480408239,MAR
CAB39,0,0,25.53893614138899,Complete
LUC7L2,24,38.70967741935484,16.937684311521654,MNAR
DHRS7,17,27.419354838709676,20.198677412959512,MAR
SBDS,11,17.741935483870968,18.464752045172037,MAR
TMED5,9,14.516129032258066,17.17330744130385,MAR
TMED7,0,0,25.21565246192226,Complete
MRPL11,5,8.064516129032258,20.792984891168636,MAR
WASHC3,1,1.6129032258064515,23.37975236294376,MAR
PPIL1,0,0,22.44074466611882,Complete
MRPS16,30,48.38709677419355,16.5762994191479,MNAR
STRAP,5,8.064516129032258,17.737681514331957,MAR
FBXO7,0,0,24.63743265481688,Complete
RPL36,0,0,19.95208636837536,Complete
SAMHD1,29,46.774193548387096,18.982360130688196,MNAR
HBS1L,20,32.25806451612903,18.740597844273168,MNAR
TLN1,12,19.35483870967742,16.873923990893896,MAR
USP15,20,32.25806451612903,15.855573562616485,MNAR
DTNA,43,69.35483870967742,16.687826283920202,MNAR
HYOU1,0,0,20.764862659600873,Complete
AFG3L2,0,0,24.63948637151658,Complete
RNF114,0,0,19.05794088761805,Complete
PPME1,44,70.96774193548387,16.065740174160098,MNAR
TIMM9,0,0,22.6858986262405,Complete
TIMM8B,0,0,23.553929062894397,Complete
UCHL5,12,19.35483870967742,17.329025855200996,MAR
ENTPD2,25,40.32258064516129,16.285620367869775,MNAR
TIMM13,2,3.225806451612903,20.240657117320968,MAR
GMPPB,0,0,26.702322929458237,Complete
MPC1,25,40.32258064516129,19.532851184551262,MNAR
SNX5,0,0,25.78582766415084,Complete
NUBP2,6,9.67741935483871,17.994979935943103,MAR
FHOD1,13,20.967741935483872,21.352525833823023,MAR
NPTN,40,64.51612903225806,16.134040937131843,MNAR
MRPS18B,4,6.451612903225806,19.84472870388716,MAR
COPG1,40,64.51612903225806,15.149926586759113,MNAR
CLIC4,22,35.483870967741936,19.941032157598954,MNAR
SAR1B,21,33.87096774193548,17.596188133407086,MNAR
MTCH2,8,12.903225806451612,16.124020201729458,MAR
BZW2,0,0,23.39808187479057,Complete
DYNC1LI1,31,50,14.172547848176986,MNAR
CHCHD2,0,0,24.371293546428774,Complete
COX11,11,17.741935483870968,19.371143041926167,MAR
SQOR,0,0,26.11785166205513,Complete
SESN1,1,1.6129032258064515,20.821283832134462,MAR
IVNS1ABP,30,48.38709677419355,16.521511234929342,MNAR
